development-1	FALSE	TRUE
development-2	TRUE	FALSE
development-3	FALSE	TRUE
development-4	FALSE	TRUE
development-5	FALSE	TRUE
development-6	TRUE	FALSE
development-7	TRUE	FALSE
development-8	TRUE	FALSE
development-9	FALSE	TRUE
development-10	FALSE	TRUE
development-11	FALSE	FALSE
development-12	TRUE	FALSE
development-13	TRUE	FALSE
development-14	FALSE	TRUE
development-15	TRUE	FALSE
development-16	FALSE	TRUE
development-17	TRUE	FALSE
development-18	FALSE	TRUE
development-19	FALSE	TRUE
development-20	FALSE	TRUE
development-21	FALSE	TRUE
development-22	TRUE	FALSE
development-23	TRUE	FALSE
development-24	FALSE	TRUE
development-25	FALSE	TRUE
development-26	FALSE	TRUE
development-27	FALSE	TRUE
development-28	FALSE	TRUE
development-29	FALSE	TRUE
development-30	TRUE	FALSE
development-31	FALSE	TRUE
development-32	TRUE	FALSE
development-33	TRUE	FALSE
development-34	FALSE	TRUE
development-35	TRUE	FALSE
development-36	TRUE	FALSE
development-37	FALSE	TRUE
development-38	FALSE	TRUE
development-39	TRUE	FALSE
development-40	TRUE	FALSE
development-41	FALSE	TRUE
development-42	FALSE	TRUE
development-43	FALSE	TRUE
development-44	FALSE	TRUE
development-45	FALSE	TRUE
development-46	FALSE	TRUE
development-47	FALSE	TRUE
development-48	FALSE	FALSE
development-49	FALSE	TRUE
development-50	FALSE	TRUE
development-51	FALSE	TRUE
development-52	FALSE	TRUE
development-53	FALSE	TRUE
development-54	FALSE	FALSE
development-55	FALSE	TRUE
development-56	FALSE	TRUE
development-57	FALSE	TRUE
development-58	TRUE	TRUE
development-59	TRUE	FALSE
development-60	TRUE	FALSE
development-61	FALSE	TRUE
development-62	FALSE	TRUE
development-63	FALSE	TRUE
development-64	FALSE	TRUE
development-65	FALSE	FALSE
development-66	FALSE	TRUE
development-67	TRUE	FALSE
development-68	FALSE	TRUE
development-69	FALSE	TRUE
development-70	TRUE	FALSE
development-71	FALSE	TRUE
development-72	TRUE	FALSE
development-73	TRUE	TRUE
development-74	FALSE	TRUE
development-75	FALSE	TRUE
development-76	TRUE	FALSE
development-77	FALSE	TRUE
development-78	FALSE	TRUE
development-79	FALSE	TRUE
development-80	FALSE	TRUE
development-81	FALSE	TRUE
development-82	FALSE	TRUE
development-83	FALSE	TRUE
development-84	FALSE	TRUE
development-85	TRUE	FALSE
development-86	FALSE	TRUE
development-87	FALSE	TRUE
development-88	FALSE	TRUE
development-89	FALSE	FALSE
development-90	TRUE	FALSE
development-91	FALSE	TRUE
development-92	FALSE	TRUE
development-93	TRUE	FALSE
development-94	TRUE	FALSE
development-95	FALSE	TRUE
development-96	FALSE	TRUE
development-97	FALSE	TRUE
development-98	FALSE	TRUE
development-99	FALSE	TRUE
development-100	FALSE	TRUE
development-101	TRUE	FALSE
development-102	TRUE	FALSE
development-103	TRUE	FALSE
development-104	FALSE	TRUE
development-105	FALSE	TRUE
development-106	FALSE	TRUE
development-107	TRUE	FALSE
development-108	TRUE	FALSE
development-109	FALSE	TRUE
development-110	FALSE	TRUE
development-111	TRUE	FALSE
development-112	TRUE	FALSE
development-113	TRUE	FALSE
development-114	TRUE	FALSE
development-115	TRUE	TRUE
development-116	FALSE	TRUE
development-117	FALSE	TRUE
development-118	TRUE	FALSE
development-119	FALSE	TRUE
development-120	FALSE	TRUE
development-121	TRUE	FALSE
development-122	FALSE	FALSE
development-123	FALSE	TRUE
development-124	FALSE	TRUE
development-125	FALSE	TRUE
development-126	FALSE	TRUE
development-127	FALSE	TRUE
development-128	TRUE	FALSE
development-129	FALSE	TRUE
development-130	FALSE	TRUE
development-131	TRUE	FALSE
development-132	FALSE	TRUE
development-133	TRUE	FALSE
development-134	FALSE	TRUE
development-135	FALSE	TRUE
development-136	TRUE	FALSE
development-137	FALSE	TRUE
development-138	FALSE	TRUE
development-139	FALSE	TRUE
development-140	FALSE	TRUE
development-141	FALSE	TRUE
development-142	FALSE	TRUE
development-143	TRUE	FALSE
development-144	TRUE	FALSE
development-145	TRUE	FALSE
development-146	TRUE	FALSE
development-147	FALSE	TRUE
development-148	TRUE	FALSE
development-149	FALSE	TRUE
development-150	FALSE	FALSE
development-151	TRUE	FALSE
development-152	FALSE	TRUE
development-153	FALSE	TRUE
development-154	TRUE	FALSE
development-155	FALSE	TRUE
development-156	FALSE	TRUE
development-157	FALSE	TRUE
development-158	TRUE	FALSE
development-159	TRUE	FALSE
development-160	FALSE	TRUE
development-161	FALSE	TRUE
development-162	FALSE	TRUE
development-163	FALSE	TRUE
development-164	FALSE	TRUE
development-165	FALSE	TRUE
development-166	FALSE	FALSE
development-167	TRUE	FALSE
development-168	TRUE	FALSE
development-169	FALSE	TRUE
development-170	FALSE	TRUE
development-171	TRUE	FALSE
development-172	FALSE	TRUE
development-173	FALSE	TRUE
development-174	TRUE	FALSE
development-175	FALSE	TRUE
development-176	FALSE	TRUE
development-177	FALSE	TRUE
development-178	TRUE	FALSE
development-179	FALSE	TRUE
development-180	FALSE	TRUE
development-181	FALSE	TRUE
development-182	TRUE	FALSE
development-183	FALSE	TRUE
development-184	FALSE	TRUE
development-185	TRUE	FALSE
development-186	FALSE	FALSE
development-187	FALSE	TRUE
development-188	FALSE	TRUE
development-189	TRUE	FALSE
development-190	FALSE	TRUE
development-191	FALSE	TRUE
development-192	TRUE	FALSE
development-193	FALSE	TRUE
development-194	FALSE	TRUE
development-195	FALSE	TRUE
development-196	FALSE	TRUE
development-197	FALSE	TRUE
development-198	FALSE	TRUE
development-199	FALSE	TRUE
development-200	FALSE	TRUE
development-201	FALSE	TRUE
development-202	FALSE	TRUE
development-203	TRUE	FALSE
development-204	FALSE	TRUE
development-205	TRUE	FALSE
development-206	TRUE	FALSE
development-207	TRUE	FALSE
development-208	FALSE	TRUE
development-209	FALSE	TRUE
development-210	FALSE	TRUE
development-211	FALSE	TRUE
development-212	TRUE	FALSE
development-213	FALSE	TRUE
development-214	FALSE	TRUE
development-215	FALSE	TRUE
development-216	FALSE	TRUE
development-217	TRUE	FALSE
development-218	FALSE	FALSE
development-219	FALSE	TRUE
development-220	FALSE	TRUE
development-221	FALSE	TRUE
development-222	TRUE	FALSE
development-223	FALSE	TRUE
development-224	FALSE	TRUE
development-225	TRUE	FALSE
development-226	TRUE	FALSE
development-227	FALSE	TRUE
development-228	FALSE	TRUE
development-229	FALSE	TRUE
development-230	FALSE	TRUE
development-231	FALSE	TRUE
development-232	FALSE	TRUE
development-233	FALSE	TRUE
development-234	FALSE	TRUE
development-235	FALSE	TRUE
development-236	FALSE	TRUE
development-237	FALSE	TRUE
development-238	TRUE	FALSE
development-239	TRUE	FALSE
development-240	FALSE	TRUE
development-241	FALSE	TRUE
development-242	FALSE	TRUE
development-243	FALSE	TRUE
development-244	TRUE	FALSE
development-245	FALSE	TRUE
development-246	FALSE	TRUE
development-247	FALSE	TRUE
development-248	FALSE	TRUE
development-249	TRUE	FALSE
development-250	FALSE	TRUE
development-251	FALSE	TRUE
development-252	TRUE	FALSE
development-253	TRUE	FALSE
development-254	FALSE	FALSE
development-255	TRUE	TRUE
development-256	FALSE	TRUE
development-257	FALSE	TRUE
development-258	FALSE	TRUE
development-259	FALSE	TRUE
development-260	TRUE	FALSE
development-261	TRUE	FALSE
development-262	FALSE	TRUE
development-263	FALSE	TRUE
development-264	TRUE	FALSE
development-265	FALSE	TRUE
development-266	TRUE	FALSE
development-267	FALSE	FALSE
development-268	FALSE	TRUE
development-269	FALSE	TRUE
development-270	FALSE	TRUE
development-271	FALSE	TRUE
development-272	TRUE	FALSE
development-273	FALSE	TRUE
development-274	FALSE	TRUE
development-275	FALSE	TRUE
development-276	FALSE	TRUE
development-277	FALSE	TRUE
development-278	FALSE	TRUE
development-279	TRUE	FALSE
development-280	FALSE	TRUE
development-281	FALSE	TRUE
development-282	FALSE	TRUE
development-283	FALSE	TRUE
development-284	FALSE	TRUE
development-285	TRUE	FALSE
development-286	FALSE	TRUE
development-287	TRUE	FALSE
development-288	FALSE	TRUE
development-289	TRUE	FALSE
development-290	FALSE	FALSE
development-291	TRUE	FALSE
development-292	FALSE	TRUE
development-293	TRUE	FALSE
development-294	TRUE	FALSE
development-295	FALSE	TRUE
development-296	FALSE	TRUE
development-297	TRUE	FALSE
development-298	FALSE	TRUE
development-299	TRUE	FALSE
development-300	TRUE	FALSE
development-301	FALSE	TRUE
development-302	TRUE	FALSE
development-303	FALSE	TRUE
development-304	FALSE	TRUE
development-305	FALSE	TRUE
development-306	FALSE	TRUE
development-307	TRUE	FALSE
development-308	FALSE	TRUE
development-309	FALSE	TRUE
development-310	FALSE	TRUE
development-311	TRUE	FALSE
development-312	TRUE	FALSE
development-313	FALSE	TRUE
development-314	TRUE	FALSE
development-315	TRUE	FALSE
development-316	FALSE	TRUE
development-317	FALSE	TRUE
development-318	TRUE	FALSE
development-319	TRUE	FALSE
development-320	FALSE	TRUE
development-321	TRUE	FALSE
development-322	FALSE	TRUE
development-323	TRUE	FALSE
development-324	TRUE	FALSE
development-325	TRUE	FALSE
development-326	TRUE	FALSE
development-327	FALSE	TRUE
development-328	FALSE	TRUE
development-329	FALSE	TRUE
development-330	TRUE	FALSE
development-331	FALSE	TRUE
development-332	FALSE	TRUE
development-333	FALSE	TRUE
development-334	TRUE	FALSE
development-335	FALSE	TRUE
development-336	FALSE	TRUE
development-337	FALSE	FALSE
development-338	TRUE	FALSE
development-339	TRUE	FALSE
development-340	TRUE	FALSE
development-341	FALSE	TRUE
development-342	FALSE	FALSE
development-343	TRUE	FALSE
development-344	FALSE	FALSE
development-345	FALSE	TRUE
development-346	FALSE	TRUE
development-347	FALSE	TRUE
development-348	FALSE	TRUE
development-349	FALSE	TRUE
development-350	FALSE	TRUE
development-351	FALSE	TRUE
development-352	TRUE	FALSE
development-353	FALSE	TRUE
development-354	TRUE	FALSE
development-355	FALSE	TRUE
development-356	FALSE	TRUE
development-357	TRUE	FALSE
development-358	TRUE	FALSE
development-359	FALSE	TRUE
development-360	TRUE	FALSE
development-361	TRUE	FALSE
development-362	FALSE	TRUE
development-363	FALSE	TRUE
development-364	TRUE	FALSE
development-365	TRUE	FALSE
development-366	FALSE	TRUE
development-367	FALSE	TRUE
development-368	TRUE	FALSE
development-369	TRUE	TRUE
development-370	FALSE	TRUE
development-371	TRUE	FALSE
development-372	FALSE	TRUE
development-373	TRUE	FALSE
development-374	FALSE	TRUE
development-375	FALSE	TRUE
development-376	FALSE	TRUE
development-377	FALSE	TRUE
development-378	FALSE	TRUE
development-379	FALSE	TRUE
development-380	TRUE	FALSE
development-381	FALSE	TRUE
development-382	TRUE	FALSE
development-383	TRUE	FALSE
development-384	TRUE	FALSE
development-385	TRUE	FALSE
development-386	TRUE	TRUE
development-387	TRUE	FALSE
development-388	FALSE	TRUE
development-389	TRUE	FALSE
development-390	TRUE	FALSE
development-391	FALSE	TRUE
development-392	FALSE	TRUE
development-393	FALSE	TRUE
development-394	FALSE	TRUE
development-395	FALSE	TRUE
development-396	FALSE	TRUE
development-397	TRUE	FALSE
development-398	FALSE	TRUE
development-399	TRUE	FALSE
development-400	FALSE	TRUE
development-401	FALSE	TRUE
development-402	FALSE	FALSE
development-403	FALSE	TRUE
development-404	TRUE	FALSE
development-405	FALSE	TRUE
development-406	TRUE	FALSE
development-407	FALSE	TRUE
development-408	FALSE	TRUE
development-409	FALSE	TRUE
development-410	TRUE	FALSE
development-411	TRUE	FALSE
development-412	TRUE	FALSE
development-413	FALSE	TRUE
development-414	TRUE	FALSE
development-415	FALSE	TRUE
development-416	FALSE	TRUE
development-417	TRUE	FALSE
development-418	TRUE	FALSE
development-419	TRUE	FALSE
development-420	FALSE	TRUE
development-421	FALSE	TRUE
development-422	TRUE	FALSE
development-423	TRUE	FALSE
development-424	FALSE	TRUE
development-425	FALSE	TRUE
development-426	FALSE	TRUE
development-427	FALSE	TRUE
development-428	TRUE	FALSE
development-429	FALSE	TRUE
development-430	FALSE	TRUE
development-431	FALSE	TRUE
development-432	FALSE	TRUE
development-433	TRUE	FALSE
development-434	TRUE	FALSE
development-435	FALSE	TRUE
development-436	FALSE	TRUE
development-437	TRUE	FALSE
development-438	FALSE	TRUE
development-439	FALSE	TRUE
development-440	TRUE	FALSE
development-441	FALSE	TRUE
development-442	FALSE	TRUE
development-443	FALSE	TRUE
development-444	FALSE	TRUE
development-445	FALSE	TRUE
development-446	FALSE	TRUE
development-447	TRUE	FALSE
development-448	TRUE	FALSE
development-449	FALSE	TRUE
development-450	FALSE	TRUE
development-451	FALSE	TRUE
development-452	TRUE	FALSE
development-453	FALSE	TRUE
development-454	TRUE	FALSE
development-455	FALSE	TRUE
development-456	FALSE	TRUE
development-457	FALSE	TRUE
development-458	FALSE	TRUE
development-459	FALSE	TRUE
development-460	TRUE	FALSE
development-461	FALSE	TRUE
development-462	FALSE	TRUE
development-463	TRUE	FALSE
development-464	FALSE	TRUE
development-465	FALSE	TRUE
development-466	TRUE	FALSE
development-467	FALSE	TRUE
development-468	FALSE	TRUE
development-469	TRUE	FALSE
development-470	FALSE	TRUE
development-471	FALSE	TRUE
development-472	TRUE	FALSE
development-473	FALSE	TRUE
development-474	TRUE	FALSE
development-475	FALSE	TRUE
development-476	FALSE	TRUE
development-477	FALSE	TRUE
development-478	FALSE	TRUE
development-479	FALSE	TRUE
development-480	FALSE	TRUE
development-481	FALSE	TRUE
development-482	FALSE	TRUE
development-483	FALSE	TRUE
development-484	TRUE	FALSE
development-485	FALSE	TRUE
development-486	FALSE	TRUE
development-487	FALSE	TRUE
development-488	FALSE	TRUE
development-489	TRUE	FALSE
development-490	FALSE	TRUE
development-491	FALSE	TRUE
development-492	TRUE	FALSE
development-493	FALSE	TRUE
development-494	FALSE	TRUE
development-495	FALSE	TRUE
development-496	FALSE	TRUE
development-497	FALSE	TRUE
development-498	FALSE	TRUE
development-499	FALSE	TRUE
development-500	FALSE	FALSE
development-501	FALSE	FALSE
development-502	FALSE	TRUE
development-503	TRUE	FALSE
development-504	TRUE	FALSE
development-505	FALSE	TRUE
development-506	FALSE	FALSE
development-507	FALSE	TRUE
development-508	TRUE	FALSE
development-509	FALSE	TRUE
development-510	FALSE	TRUE
development-511	TRUE	FALSE
development-512	TRUE	FALSE
development-513	TRUE	FALSE
development-514	FALSE	TRUE
development-515	FALSE	TRUE
development-516	FALSE	TRUE
development-517	TRUE	FALSE
development-518	FALSE	TRUE
development-519	FALSE	TRUE
development-520	FALSE	TRUE
development-521	FALSE	TRUE
development-522	TRUE	FALSE
development-523	FALSE	TRUE
development-524	FALSE	TRUE
development-525	FALSE	TRUE
development-526	TRUE	FALSE
development-527	FALSE	TRUE
development-528	FALSE	TRUE
development-529	FALSE	TRUE
development-530	FALSE	TRUE
development-531	FALSE	TRUE
development-532	FALSE	TRUE
development-533	FALSE	TRUE
development-534	TRUE	FALSE
development-535	FALSE	TRUE
development-536	FALSE	TRUE
development-537	FALSE	TRUE
development-538	FALSE	TRUE
development-539	FALSE	TRUE
development-540	FALSE	TRUE
development-541	FALSE	TRUE
development-542	FALSE	TRUE
development-543	FALSE	TRUE
development-544	FALSE	TRUE
development-545	TRUE	FALSE
development-546	FALSE	TRUE
development-547	FALSE	TRUE
development-548	TRUE	FALSE
development-549	FALSE	TRUE
development-550	TRUE	FALSE
development-551	FALSE	FALSE
development-552	TRUE	FALSE
development-553	TRUE	FALSE
development-554	FALSE	FALSE
development-555	FALSE	TRUE
development-556	FALSE	TRUE
development-557	TRUE	FALSE
development-558	FALSE	TRUE
development-559	TRUE	TRUE
development-560	TRUE	FALSE
development-561	TRUE	FALSE
development-562	TRUE	FALSE
development-563	FALSE	TRUE
development-564	FALSE	TRUE
development-565	FALSE	TRUE
development-566	TRUE	FALSE
development-567	FALSE	TRUE
development-568	FALSE	TRUE
development-569	FALSE	TRUE
development-570	TRUE	FALSE
development-571	FALSE	TRUE
development-572	FALSE	TRUE
development-573	FALSE	TRUE
development-574	FALSE	TRUE
development-575	FALSE	TRUE
development-576	FALSE	TRUE
development-577	FALSE	TRUE
development-578	FALSE	TRUE
development-579	FALSE	TRUE
development-580	TRUE	FALSE
development-581	FALSE	TRUE
development-582	FALSE	TRUE
development-583	FALSE	TRUE
development-584	TRUE	FALSE
development-585	TRUE	FALSE
development-586	FALSE	TRUE
development-587	FALSE	TRUE
development-588	TRUE	FALSE
development-589	TRUE	FALSE
development-590	FALSE	TRUE
development-591	TRUE	FALSE
development-592	FALSE	TRUE
development-593	FALSE	TRUE
development-594	FALSE	TRUE
development-595	FALSE	TRUE
development-596	TRUE	FALSE
development-597	FALSE	TRUE
development-598	TRUE	FALSE
development-599	TRUE	FALSE
development-600	FALSE	TRUE
development-601	FALSE	TRUE
development-602	FALSE	TRUE
development-603	FALSE	FALSE
development-604	FALSE	TRUE
development-605	FALSE	TRUE
development-606	FALSE	TRUE
development-607	TRUE	FALSE
development-608	FALSE	TRUE
development-609	FALSE	TRUE
development-610	TRUE	FALSE
development-611	TRUE	FALSE
development-612	TRUE	FALSE
development-613	TRUE	FALSE
development-614	TRUE	FALSE
development-615	FALSE	TRUE
development-616	FALSE	TRUE
development-617	FALSE	TRUE
development-618	FALSE	TRUE
development-619	FALSE	TRUE
development-620	FALSE	TRUE
development-621	FALSE	TRUE
development-622	TRUE	FALSE
development-623	TRUE	FALSE
development-624	FALSE	TRUE
development-625	TRUE	FALSE
development-626	FALSE	TRUE
development-627	FALSE	TRUE
development-628	FALSE	TRUE
development-629	TRUE	FALSE
development-630	TRUE	FALSE
development-631	FALSE	TRUE
development-632	FALSE	TRUE
development-633	FALSE	TRUE
development-634	FALSE	TRUE
development-635	TRUE	FALSE
development-636	FALSE	TRUE
development-637	FALSE	TRUE
development-638	TRUE	FALSE
development-639	TRUE	FALSE
development-640	TRUE	FALSE
development-641	FALSE	TRUE
development-642	FALSE	TRUE
development-643	FALSE	TRUE
development-644	TRUE	FALSE
development-645	FALSE	TRUE
development-646	FALSE	FALSE
development-647	FALSE	TRUE
development-648	TRUE	FALSE
development-649	TRUE	FALSE
development-650	FALSE	TRUE
development-651	FALSE	TRUE
development-652	TRUE	FALSE
development-653	FALSE	TRUE
development-654	FALSE	TRUE
development-655	FALSE	TRUE
development-656	TRUE	FALSE
development-657	TRUE	FALSE
development-658	FALSE	TRUE
development-659	FALSE	FALSE
development-660	TRUE	FALSE
development-661	FALSE	TRUE
development-662	TRUE	FALSE
development-663	FALSE	TRUE
development-664	TRUE	FALSE
development-665	TRUE	FALSE
development-666	TRUE	FALSE
development-667	FALSE	TRUE
development-668	TRUE	FALSE
development-669	FALSE	TRUE
development-670	FALSE	TRUE
development-671	FALSE	TRUE
development-672	FALSE	TRUE
development-673	FALSE	TRUE
development-674	FALSE	TRUE
development-675	FALSE	FALSE
development-676	FALSE	FALSE
development-677	FALSE	TRUE
development-678	FALSE	TRUE
development-679	TRUE	FALSE
development-680	FALSE	TRUE
development-681	FALSE	TRUE
development-682	TRUE	FALSE
development-683	FALSE	TRUE
development-684	FALSE	TRUE
development-685	FALSE	TRUE
development-686	TRUE	FALSE
development-687	FALSE	TRUE
development-688	TRUE	FALSE
development-689	FALSE	TRUE
development-690	TRUE	FALSE
development-691	FALSE	TRUE
development-692	TRUE	FALSE
development-693	FALSE	TRUE
development-694	FALSE	TRUE
development-695	FALSE	TRUE
development-696	TRUE	FALSE
development-697	FALSE	TRUE
development-698	TRUE	FALSE
development-699	TRUE	FALSE
development-700	FALSE	TRUE
development-701	TRUE	FALSE
development-702	TRUE	FALSE
development-703	TRUE	FALSE
development-704	FALSE	TRUE
development-705	TRUE	FALSE
development-706	FALSE	TRUE
development-707	FALSE	TRUE
development-708	FALSE	TRUE
development-709	FALSE	TRUE
development-710	FALSE	FALSE
development-711	FALSE	TRUE
development-712	FALSE	TRUE
development-713	TRUE	FALSE
development-714	TRUE	FALSE
development-715	TRUE	FALSE
development-716	FALSE	TRUE
development-717	TRUE	FALSE
development-718	FALSE	TRUE
development-719	FALSE	TRUE
development-720	FALSE	TRUE
development-721	FALSE	TRUE
development-722	TRUE	FALSE
development-723	FALSE	TRUE
development-724	FALSE	TRUE
development-725	TRUE	FALSE
development-726	FALSE	TRUE
development-727	TRUE	FALSE
development-728	TRUE	FALSE
development-729	FALSE	TRUE
development-730	TRUE	FALSE
development-731	TRUE	FALSE
development-732	TRUE	FALSE
development-733	FALSE	TRUE
development-734	FALSE	TRUE
development-735	FALSE	TRUE
development-736	TRUE	FALSE
development-737	FALSE	TRUE
development-738	FALSE	TRUE
development-739	FALSE	TRUE
development-740	TRUE	TRUE
development-741	FALSE	TRUE
development-742	FALSE	FALSE
development-743	TRUE	FALSE
development-744	FALSE	TRUE
development-745	FALSE	TRUE
development-746	FALSE	TRUE
development-747	FALSE	TRUE
development-748	FALSE	TRUE
development-749	FALSE	TRUE
development-750	TRUE	FALSE
development-751	FALSE	TRUE
development-752	FALSE	TRUE
development-753	FALSE	TRUE
development-754	TRUE	FALSE
development-755	FALSE	TRUE
development-756	FALSE	TRUE
development-757	FALSE	TRUE
development-758	TRUE	FALSE
development-759	FALSE	TRUE
development-760	FALSE	TRUE
development-761	FALSE	FALSE
development-762	FALSE	TRUE
development-763	FALSE	TRUE
development-764	FALSE	TRUE
development-765	FALSE	TRUE
development-766	TRUE	FALSE
development-767	FALSE	TRUE
development-768	FALSE	TRUE
development-769	FALSE	TRUE
development-770	TRUE	FALSE
development-771	FALSE	TRUE
development-772	FALSE	TRUE
development-773	TRUE	FALSE
development-774	TRUE	FALSE
development-775	TRUE	FALSE
development-776	FALSE	TRUE
development-777	FALSE	TRUE
development-778	FALSE	TRUE
development-779	FALSE	TRUE
development-780	FALSE	TRUE
development-781	FALSE	TRUE
development-782	FALSE	TRUE
development-783	FALSE	TRUE
development-784	TRUE	FALSE
development-785	FALSE	TRUE
development-786	FALSE	TRUE
development-787	FALSE	TRUE
development-788	FALSE	TRUE
development-789	FALSE	TRUE
development-790	TRUE	FALSE
development-791	TRUE	FALSE
development-792	FALSE	TRUE
development-793	TRUE	FALSE
development-794	FALSE	TRUE
development-795	TRUE	FALSE
development-796	FALSE	TRUE
development-797	FALSE	TRUE
development-798	TRUE	FALSE
development-799	FALSE	TRUE
development-800	FALSE	TRUE
development-801	TRUE	FALSE
development-802	FALSE	TRUE
development-803	FALSE	TRUE
development-804	FALSE	TRUE
development-805	TRUE	FALSE
development-806	FALSE	TRUE
development-807	FALSE	TRUE
development-808	FALSE	TRUE
development-809	FALSE	TRUE
development-810	FALSE	TRUE
development-811	FALSE	TRUE
development-812	FALSE	TRUE
development-813	TRUE	FALSE
development-814	FALSE	TRUE
development-815	FALSE	TRUE
development-816	FALSE	TRUE
development-817	FALSE	TRUE
development-818	FALSE	TRUE
development-819	FALSE	TRUE
development-820	FALSE	TRUE
development-821	FALSE	TRUE
development-822	TRUE	FALSE
development-823	TRUE	FALSE
development-824	TRUE	FALSE
development-825	FALSE	TRUE
development-826	TRUE	FALSE
development-827	FALSE	TRUE
development-828	FALSE	TRUE
development-829	FALSE	TRUE
development-830	TRUE	FALSE
development-831	FALSE	TRUE
development-832	FALSE	TRUE
development-833	FALSE	TRUE
development-834	FALSE	TRUE
development-835	FALSE	TRUE
development-836	TRUE	FALSE
development-837	FALSE	TRUE
development-838	FALSE	TRUE
development-839	FALSE	TRUE
development-840	FALSE	TRUE
development-841	FALSE	TRUE
development-842	FALSE	TRUE
development-843	TRUE	FALSE
development-844	FALSE	TRUE
development-845	FALSE	TRUE
development-846	FALSE	TRUE
development-847	FALSE	TRUE
development-848	FALSE	TRUE
development-849	TRUE	FALSE
development-850	FALSE	TRUE
development-851	TRUE	FALSE
development-852	FALSE	TRUE
development-853	TRUE	FALSE
development-854	FALSE	TRUE
development-855	TRUE	FALSE
development-856	TRUE	FALSE
development-857	FALSE	TRUE
development-858	FALSE	TRUE
development-859	FALSE	TRUE
development-860	TRUE	FALSE
development-861	TRUE	FALSE
development-862	FALSE	FALSE
development-863	FALSE	TRUE
development-864	FALSE	TRUE
development-865	TRUE	FALSE
development-866	TRUE	FALSE
development-867	TRUE	FALSE
development-868	TRUE	FALSE
development-869	FALSE	TRUE
development-870	TRUE	FALSE
development-871	TRUE	FALSE
development-872	FALSE	TRUE
development-873	FALSE	TRUE
development-874	FALSE	TRUE
development-875	FALSE	TRUE
development-876	FALSE	TRUE
development-877	FALSE	TRUE
development-878	FALSE	TRUE
development-879	FALSE	TRUE
development-880	FALSE	TRUE
development-881	TRUE	FALSE
development-882	TRUE	FALSE
development-883	FALSE	TRUE
development-884	FALSE	TRUE
development-885	TRUE	FALSE
development-886	FALSE	TRUE
development-887	FALSE	TRUE
development-888	TRUE	FALSE
development-889	TRUE	FALSE
development-890	FALSE	TRUE
development-891	FALSE	TRUE
development-892	TRUE	FALSE
development-893	TRUE	FALSE
development-894	FALSE	TRUE
development-895	FALSE	TRUE
development-896	FALSE	TRUE
development-897	FALSE	TRUE
development-898	FALSE	TRUE
development-899	FALSE	TRUE
development-900	FALSE	TRUE
development-901	FALSE	TRUE
development-902	TRUE	FALSE
development-903	FALSE	TRUE
development-904	FALSE	TRUE
development-905	FALSE	TRUE
development-906	FALSE	TRUE
development-907	TRUE	FALSE
development-908	FALSE	TRUE
development-909	FALSE	TRUE
development-910	TRUE	TRUE
development-911	TRUE	FALSE
development-912	FALSE	TRUE
development-913	TRUE	FALSE
development-914	TRUE	FALSE
development-915	TRUE	FALSE
development-916	FALSE	TRUE
development-917	FALSE	TRUE
development-918	FALSE	TRUE
development-919	FALSE	TRUE
development-920	TRUE	FALSE
development-921	FALSE	TRUE
development-922	FALSE	TRUE
development-923	FALSE	TRUE
development-924	FALSE	TRUE
development-925	FALSE	TRUE
development-926	TRUE	FALSE
development-927	FALSE	TRUE
development-928	FALSE	TRUE
development-929	TRUE	FALSE
development-930	FALSE	TRUE
development-931	FALSE	TRUE
development-932	TRUE	FALSE
development-933	TRUE	FALSE
development-934	FALSE	TRUE
development-935	TRUE	FALSE
development-936	FALSE	TRUE
development-937	FALSE	TRUE
development-938	FALSE	TRUE
development-939	FALSE	TRUE
development-940	FALSE	TRUE
development-941	FALSE	TRUE
development-942	FALSE	TRUE
development-943	FALSE	TRUE
development-944	FALSE	TRUE
development-945	FALSE	TRUE
development-946	FALSE	TRUE
development-947	TRUE	FALSE
development-948	FALSE	FALSE
development-949	FALSE	TRUE
development-950	TRUE	FALSE
development-951	TRUE	FALSE
development-952	TRUE	FALSE
development-953	FALSE	TRUE
development-954	FALSE	TRUE
development-955	FALSE	TRUE
development-956	FALSE	TRUE
development-957	FALSE	TRUE
development-958	FALSE	TRUE
development-959	TRUE	FALSE
development-960	FALSE	TRUE
development-961	FALSE	TRUE
development-962	FALSE	TRUE
development-963	FALSE	TRUE
development-964	TRUE	FALSE
development-965	TRUE	FALSE
development-966	FALSE	TRUE
development-967	FALSE	TRUE
development-968	FALSE	TRUE
development-969	FALSE	TRUE
development-970	FALSE	TRUE
development-971	TRUE	FALSE
development-972	FALSE	TRUE
development-973	TRUE	TRUE
development-974	FALSE	TRUE
development-975	FALSE	TRUE
development-976	TRUE	FALSE
development-977	FALSE	TRUE
development-978	FALSE	TRUE
development-979	FALSE	TRUE
development-980	FALSE	TRUE
development-981	FALSE	TRUE
development-982	TRUE	FALSE
development-983	FALSE	FALSE
development-984	FALSE	TRUE
development-985	FALSE	TRUE
development-986	TRUE	FALSE
development-987	FALSE	TRUE
development-988	FALSE	TRUE
development-989	FALSE	TRUE
development-990	FALSE	TRUE
development-991	TRUE	FALSE
development-992	FALSE	TRUE
development-993	FALSE	TRUE
development-994	FALSE	TRUE
development-995	FALSE	TRUE
development-996	FALSE	TRUE
development-997	FALSE	TRUE
development-998	FALSE	TRUE
development-999	FALSE	TRUE
development-1000	TRUE	FALSE
development-1001	TRUE	FALSE
development-1002	FALSE	TRUE
development-1003	TRUE	FALSE
development-1004	TRUE	FALSE
development-1005	TRUE	FALSE
development-1006	TRUE	FALSE
development-1007	FALSE	FALSE
development-1008	FALSE	TRUE
development-1009	TRUE	FALSE
development-1010	FALSE	TRUE
development-1011	FALSE	TRUE
development-1012	FALSE	TRUE
development-1013	FALSE	TRUE
development-1014	FALSE	TRUE
development-1015	FALSE	TRUE
development-1016	FALSE	TRUE
development-1017	FALSE	TRUE
development-1018	FALSE	TRUE
development-1019	FALSE	TRUE
development-1020	TRUE	FALSE
development-1021	FALSE	TRUE
development-1022	FALSE	TRUE
development-1023	FALSE	TRUE
development-1024	FALSE	FALSE
development-1025	FALSE	TRUE
development-1026	TRUE	FALSE
development-1027	TRUE	FALSE
development-1028	FALSE	TRUE
development-1029	TRUE	FALSE
development-1030	TRUE	FALSE
development-1031	FALSE	TRUE
development-1032	FALSE	TRUE
development-1033	TRUE	FALSE
development-1034	TRUE	FALSE
development-1035	TRUE	FALSE
development-1036	FALSE	TRUE
development-1037	FALSE	TRUE
development-1038	FALSE	TRUE
development-1039	FALSE	TRUE
development-1040	TRUE	TRUE
development-1041	FALSE	TRUE
development-1042	FALSE	TRUE
development-1043	FALSE	TRUE
development-1044	FALSE	TRUE
development-1045	FALSE	TRUE
development-1046	FALSE	TRUE
development-1047	FALSE	TRUE
development-1048	TRUE	FALSE
development-1049	FALSE	FALSE
development-1050	FALSE	TRUE
development-1051	FALSE	TRUE
development-1052	FALSE	TRUE
development-1053	FALSE	TRUE
development-1054	TRUE	FALSE
development-1055	FALSE	TRUE
development-1056	FALSE	TRUE
development-1057	FALSE	TRUE
development-1058	TRUE	FALSE
development-1059	FALSE	TRUE
development-1060	TRUE	FALSE
development-1061	TRUE	FALSE
development-1062	TRUE	FALSE
development-1063	TRUE	FALSE
development-1064	FALSE	TRUE
development-1065	FALSE	TRUE
development-1066	FALSE	TRUE
development-1067	FALSE	TRUE
development-1068	FALSE	TRUE
development-1069	FALSE	TRUE
development-1070	FALSE	TRUE
development-1071	FALSE	TRUE
development-1072	FALSE	TRUE
development-1073	TRUE	FALSE
development-1074	FALSE	TRUE
development-1075	FALSE	TRUE
development-1076	TRUE	FALSE
development-1077	FALSE	TRUE
development-1078	TRUE	FALSE
development-1079	FALSE	TRUE
development-1080	FALSE	TRUE
development-1081	FALSE	TRUE
development-1082	FALSE	FALSE
development-1083	TRUE	FALSE
development-1084	FALSE	TRUE
development-1085	FALSE	TRUE
development-1086	FALSE	TRUE
development-1087	FALSE	TRUE
development-1088	TRUE	FALSE
development-1089	FALSE	TRUE
development-1090	FALSE	TRUE
development-1091	FALSE	TRUE
development-1092	FALSE	TRUE
development-1093	FALSE	TRUE
development-1094	FALSE	TRUE
development-1095	FALSE	TRUE
development-1096	FALSE	TRUE
development-1097	FALSE	TRUE
development-1098	FALSE	TRUE
development-1099	FALSE	TRUE
development-1100	TRUE	FALSE
development-1101	FALSE	TRUE
development-1102	FALSE	TRUE
development-1103	FALSE	TRUE
development-1104	FALSE	TRUE
development-1105	FALSE	TRUE
development-1106	FALSE	TRUE
development-1107	FALSE	FALSE
development-1108	FALSE	TRUE
development-1109	TRUE	FALSE
development-1110	FALSE	TRUE
development-1111	FALSE	TRUE
development-1112	FALSE	TRUE
development-1113	FALSE	FALSE
development-1114	TRUE	FALSE
development-1115	FALSE	TRUE
development-1116	TRUE	FALSE
development-1117	FALSE	TRUE
development-1118	FALSE	TRUE
development-1119	FALSE	TRUE
development-1120	FALSE	TRUE
development-1121	FALSE	TRUE
development-1122	TRUE	FALSE
development-1123	FALSE	TRUE
development-1124	TRUE	FALSE
development-1125	TRUE	FALSE
development-1126	FALSE	TRUE
development-1127	TRUE	FALSE
development-1128	FALSE	TRUE
development-1129	FALSE	TRUE
development-1130	FALSE	TRUE
development-1131	FALSE	TRUE
development-1132	FALSE	TRUE
development-1133	FALSE	TRUE
development-1134	FALSE	TRUE
development-1135	FALSE	TRUE
development-1136	TRUE	FALSE
development-1137	FALSE	TRUE
development-1138	TRUE	FALSE
development-1139	FALSE	TRUE
development-1140	TRUE	FALSE
development-1141	FALSE	TRUE
development-1142	TRUE	FALSE
development-1143	FALSE	TRUE
development-1144	FALSE	TRUE
development-1145	TRUE	FALSE
development-1146	TRUE	FALSE
development-1147	FALSE	FALSE
development-1148	FALSE	TRUE
development-1149	FALSE	TRUE
development-1150	FALSE	TRUE
development-1151	TRUE	FALSE
development-1152	FALSE	TRUE
development-1153	FALSE	TRUE
development-1154	FALSE	TRUE
development-1155	TRUE	FALSE
development-1156	TRUE	FALSE
development-1157	FALSE	TRUE
development-1158	FALSE	TRUE
development-1159	FALSE	TRUE
development-1160	FALSE	TRUE
development-1161	TRUE	FALSE
development-1162	TRUE	FALSE
development-1163	TRUE	FALSE
development-1164	FALSE	TRUE
development-1165	FALSE	TRUE
development-1166	TRUE	FALSE
development-1167	FALSE	TRUE
development-1168	FALSE	TRUE
development-1169	FALSE	TRUE
development-1170	FALSE	FALSE
development-1171	FALSE	TRUE
development-1172	FALSE	TRUE
development-1173	FALSE	TRUE
development-1174	FALSE	TRUE
development-1175	TRUE	FALSE
development-1176	FALSE	TRUE
development-1177	FALSE	TRUE
development-1178	TRUE	FALSE
development-1179	FALSE	TRUE
development-1180	FALSE	TRUE
development-1181	FALSE	TRUE
development-1182	TRUE	TRUE
development-1183	FALSE	TRUE
development-1184	FALSE	TRUE
development-1185	FALSE	TRUE
development-1186	FALSE	TRUE
development-1187	FALSE	TRUE
development-1188	FALSE	TRUE
development-1189	FALSE	TRUE
development-1190	FALSE	TRUE
development-1191	TRUE	FALSE
development-1192	FALSE	TRUE
development-1193	TRUE	FALSE
development-1194	TRUE	FALSE
development-1195	FALSE	TRUE
development-1196	FALSE	TRUE
development-1197	FALSE	TRUE
development-1198	TRUE	FALSE
development-1199	FALSE	TRUE
development-1200	FALSE	TRUE
development-1201	TRUE	FALSE
development-1202	TRUE	FALSE
development-1203	TRUE	FALSE
development-1204	FALSE	TRUE
development-1205	FALSE	TRUE
development-1206	FALSE	TRUE
development-1207	FALSE	TRUE
development-1208	FALSE	TRUE
development-1209	TRUE	FALSE
development-1210	FALSE	TRUE
development-1211	FALSE	TRUE
development-1212	FALSE	TRUE
development-1213	FALSE	TRUE
development-1214	FALSE	TRUE
development-1215	FALSE	FALSE
development-1216	TRUE	FALSE
development-1217	FALSE	TRUE
development-1218	FALSE	TRUE
development-1219	FALSE	TRUE
development-1220	FALSE	TRUE
development-1221	TRUE	FALSE
development-1222	FALSE	TRUE
development-1223	TRUE	FALSE
development-1224	FALSE	TRUE
development-1225	FALSE	TRUE
development-1226	FALSE	TRUE
development-1227	TRUE	FALSE
development-1228	FALSE	TRUE
development-1229	FALSE	TRUE
development-1230	FALSE	TRUE
development-1231	FALSE	TRUE
development-1232	FALSE	TRUE
development-1233	FALSE	TRUE
development-1234	FALSE	TRUE
development-1235	FALSE	FALSE
development-1236	FALSE	TRUE
development-1237	TRUE	FALSE
development-1238	FALSE	TRUE
development-1239	FALSE	TRUE
development-1240	FALSE	TRUE
development-1241	FALSE	TRUE
development-1242	FALSE	TRUE
development-1243	FALSE	TRUE
development-1244	TRUE	FALSE
development-1245	FALSE	TRUE
development-1246	FALSE	TRUE
development-1247	FALSE	TRUE
development-1248	TRUE	FALSE
development-1249	FALSE	TRUE
development-1250	TRUE	FALSE
development-1251	FALSE	TRUE
development-1252	TRUE	FALSE
development-1253	FALSE	TRUE
development-1254	TRUE	FALSE
development-1255	TRUE	FALSE
development-1256	FALSE	TRUE
development-1257	TRUE	FALSE
development-1258	FALSE	TRUE
development-1259	FALSE	TRUE
development-1260	FALSE	FALSE
development-1261	FALSE	TRUE
development-1262	TRUE	FALSE
development-1263	FALSE	TRUE
development-1264	FALSE	TRUE
development-1265	FALSE	TRUE
development-1266	FALSE	TRUE
development-1267	FALSE	TRUE
development-1268	FALSE	TRUE
development-1269	FALSE	TRUE
development-1270	TRUE	FALSE
development-1271	FALSE	TRUE
development-1272	TRUE	FALSE
development-1273	FALSE	TRUE
development-1274	TRUE	FALSE
development-1275	TRUE	FALSE
development-1276	TRUE	FALSE
development-1277	FALSE	TRUE
development-1278	FALSE	TRUE
development-1279	FALSE	TRUE
development-1280	FALSE	TRUE
development-1281	FALSE	TRUE
development-1282	TRUE	FALSE
development-1283	FALSE	TRUE
development-1284	TRUE	FALSE
development-1285	FALSE	TRUE
development-1286	TRUE	FALSE
development-1287	FALSE	TRUE
development-1288	TRUE	FALSE
development-1289	TRUE	FALSE
development-1290	FALSE	TRUE
development-1291	FALSE	TRUE
development-1292	FALSE	TRUE
development-1293	FALSE	TRUE
development-1294	FALSE	TRUE
development-1295	FALSE	TRUE
development-1296	FALSE	TRUE
development-1297	FALSE	TRUE
development-1298	FALSE	TRUE
development-1299	FALSE	TRUE
development-1300	FALSE	TRUE
development-1301	TRUE	FALSE
development-1302	FALSE	TRUE
development-1303	TRUE	FALSE
development-1304	FALSE	TRUE
development-1305	FALSE	TRUE
development-1306	FALSE	TRUE
development-1307	TRUE	FALSE
development-1308	TRUE	FALSE
development-1309	FALSE	TRUE
development-1310	FALSE	TRUE
development-1311	FALSE	TRUE
development-1312	TRUE	FALSE
development-1313	FALSE	TRUE
development-1314	FALSE	TRUE
development-1315	FALSE	TRUE
development-1316	FALSE	TRUE
development-1317	FALSE	TRUE
development-1318	FALSE	TRUE
development-1319	TRUE	FALSE
development-1320	TRUE	TRUE
development-1321	FALSE	TRUE
development-1322	FALSE	TRUE
development-1323	TRUE	FALSE
development-1324	FALSE	TRUE
development-1325	FALSE	TRUE
development-1326	TRUE	FALSE
development-1327	TRUE	FALSE
development-1328	FALSE	TRUE
development-1329	TRUE	FALSE
development-1330	FALSE	TRUE
development-1331	TRUE	FALSE
development-1332	FALSE	TRUE
development-1333	FALSE	TRUE
development-1334	TRUE	FALSE
development-1335	TRUE	FALSE
development-1336	TRUE	FALSE
development-1337	FALSE	TRUE
development-1338	TRUE	FALSE
development-1339	TRUE	FALSE
development-1340	FALSE	TRUE
development-1341	FALSE	TRUE
development-1342	FALSE	TRUE
development-1343	FALSE	TRUE
development-1344	TRUE	FALSE
development-1345	FALSE	TRUE
development-1346	FALSE	TRUE
development-1347	FALSE	TRUE
development-1348	FALSE	TRUE
development-1349	FALSE	TRUE
development-1350	FALSE	TRUE
development-1351	TRUE	FALSE
development-1352	FALSE	TRUE
development-1353	FALSE	TRUE
development-1354	TRUE	FALSE
development-1355	FALSE	TRUE
development-1356	FALSE	TRUE
development-1357	FALSE	TRUE
development-1358	TRUE	FALSE
development-1359	FALSE	TRUE
development-1360	TRUE	FALSE
development-1361	FALSE	TRUE
development-1362	TRUE	FALSE
development-1363	FALSE	TRUE
development-1364	FALSE	TRUE
development-1365	FALSE	TRUE
development-1366	FALSE	TRUE
development-1367	FALSE	TRUE
development-1368	TRUE	FALSE
development-1369	FALSE	TRUE
development-1370	FALSE	TRUE
development-1371	FALSE	TRUE
development-1372	TRUE	FALSE
development-1373	TRUE	FALSE
development-1374	FALSE	TRUE
development-1375	FALSE	FALSE
development-1376	FALSE	TRUE
development-1377	FALSE	TRUE
development-1378	TRUE	FALSE
development-1379	FALSE	TRUE
development-1380	TRUE	FALSE
development-1381	FALSE	TRUE
development-1382	FALSE	TRUE
development-1383	FALSE	TRUE
development-1384	FALSE	TRUE
development-1385	FALSE	TRUE
development-1386	FALSE	TRUE
development-1387	FALSE	TRUE
development-1388	TRUE	FALSE
development-1389	FALSE	FALSE
development-1390	FALSE	TRUE
development-1391	FALSE	TRUE
development-1392	FALSE	TRUE
development-1393	FALSE	TRUE
development-1394	TRUE	FALSE
development-1395	FALSE	TRUE
development-1396	FALSE	FALSE
development-1397	FALSE	TRUE
development-1398	FALSE	TRUE
development-1399	FALSE	TRUE
development-1400	FALSE	TRUE
development-1401	FALSE	TRUE
development-1402	FALSE	TRUE
development-1403	TRUE	FALSE
development-1404	TRUE	FALSE
development-1405	FALSE	TRUE
development-1406	FALSE	TRUE
development-1407	TRUE	FALSE
development-1408	FALSE	TRUE
development-1409	FALSE	TRUE
development-1410	FALSE	TRUE
development-1411	FALSE	TRUE
development-1412	TRUE	FALSE
development-1413	FALSE	TRUE
development-1414	TRUE	FALSE
development-1415	TRUE	FALSE
development-1416	FALSE	TRUE
development-1417	FALSE	TRUE
development-1418	TRUE	FALSE
development-1419	FALSE	TRUE
development-1420	FALSE	TRUE
development-1421	FALSE	TRUE
development-1422	FALSE	TRUE
development-1423	FALSE	TRUE
development-1424	FALSE	TRUE
development-1425	FALSE	TRUE
development-1426	FALSE	TRUE
development-1427	FALSE	TRUE
development-1428	TRUE	FALSE
development-1429	TRUE	FALSE
development-1430	FALSE	TRUE
development-1431	TRUE	TRUE
development-1432	TRUE	FALSE
development-1433	FALSE	TRUE
development-1434	FALSE	TRUE
development-1435	TRUE	FALSE
development-1436	FALSE	TRUE
development-1437	FALSE	TRUE
development-1438	FALSE	TRUE
development-1439	TRUE	FALSE
development-1440	FALSE	TRUE
development-1441	FALSE	TRUE
development-1442	TRUE	FALSE
development-1443	FALSE	TRUE
development-1444	FALSE	TRUE
development-1445	FALSE	TRUE
development-1446	TRUE	FALSE
development-1447	TRUE	FALSE
development-1448	FALSE	TRUE
development-1449	TRUE	FALSE
development-1450	FALSE	TRUE
development-1451	FALSE	TRUE
development-1452	FALSE	TRUE
development-1453	TRUE	FALSE
development-1454	TRUE	FALSE
development-1455	TRUE	FALSE
development-1456	FALSE	TRUE
development-1457	FALSE	TRUE
development-1458	TRUE	FALSE
development-1459	FALSE	TRUE
development-1460	FALSE	TRUE
development-1461	FALSE	FALSE
development-1462	FALSE	TRUE
development-1463	FALSE	TRUE
development-1464	FALSE	TRUE
development-1465	TRUE	FALSE
development-1466	FALSE	TRUE
development-1467	FALSE	TRUE
development-1468	FALSE	TRUE
development-1469	FALSE	TRUE
development-1470	TRUE	FALSE
development-1471	FALSE	TRUE
development-1472	FALSE	TRUE
development-1473	FALSE	TRUE
development-1474	FALSE	TRUE
development-1475	FALSE	TRUE
development-1476	TRUE	FALSE
development-1477	FALSE	TRUE
development-1478	FALSE	TRUE
development-1479	FALSE	TRUE
development-1480	FALSE	TRUE
development-1481	FALSE	TRUE
development-1482	TRUE	FALSE
development-1483	FALSE	TRUE
development-1484	FALSE	TRUE
development-1485	FALSE	TRUE
development-1486	FALSE	TRUE
development-1487	TRUE	FALSE
development-1488	FALSE	TRUE
development-1489	FALSE	TRUE
development-1490	TRUE	FALSE
development-1491	FALSE	TRUE
development-1492	FALSE	TRUE
development-1493	FALSE	TRUE
development-1494	FALSE	TRUE
development-1495	FALSE	TRUE
development-1496	FALSE	TRUE
development-1497	FALSE	TRUE
development-1498	FALSE	TRUE
development-1499	FALSE	TRUE
development-1500	FALSE	TRUE
development-1501	TRUE	FALSE
development-1502	FALSE	FALSE
development-1503	FALSE	TRUE
development-1504	TRUE	FALSE
development-1505	FALSE	TRUE
development-1506	TRUE	FALSE
development-1507	FALSE	FALSE
development-1508	TRUE	FALSE
development-1509	FALSE	TRUE
development-1510	FALSE	FALSE
development-1511	FALSE	TRUE
development-1512	FALSE	FALSE
development-1513	FALSE	TRUE
development-1514	FALSE	FALSE
development-1515	FALSE	TRUE
development-1516	FALSE	TRUE
development-1517	FALSE	TRUE
development-1518	FALSE	TRUE
development-1519	FALSE	TRUE
development-1520	TRUE	FALSE
development-1521	FALSE	TRUE
development-1522	FALSE	TRUE
development-1523	FALSE	TRUE
development-1524	FALSE	TRUE
development-1525	FALSE	TRUE
development-1526	TRUE	FALSE
development-1527	FALSE	TRUE
development-1528	FALSE	TRUE
development-1529	TRUE	FALSE
development-1530	FALSE	TRUE
development-1531	FALSE	TRUE
development-1532	FALSE	TRUE
development-1533	FALSE	TRUE
development-1534	FALSE	TRUE
development-1535	FALSE	TRUE
development-1536	FALSE	TRUE
development-1537	FALSE	FALSE
development-1538	FALSE	TRUE
development-1539	TRUE	FALSE
development-1540	FALSE	TRUE
development-1541	FALSE	TRUE
development-1542	TRUE	FALSE
development-1543	TRUE	FALSE
development-1544	TRUE	FALSE
development-1545	FALSE	TRUE
development-1546	FALSE	TRUE
development-1547	FALSE	TRUE
development-1548	FALSE	TRUE
development-1549	FALSE	TRUE
development-1550	TRUE	FALSE
development-1551	FALSE	TRUE
development-1552	FALSE	TRUE
development-1553	FALSE	TRUE
development-1554	FALSE	TRUE
development-1555	TRUE	FALSE
development-1556	FALSE	TRUE
development-1557	FALSE	TRUE
development-1558	FALSE	TRUE
development-1559	FALSE	TRUE
development-1560	FALSE	TRUE
development-1561	FALSE	TRUE
development-1562	TRUE	FALSE
development-1563	FALSE	TRUE
development-1564	FALSE	TRUE
development-1565	FALSE	TRUE
development-1566	FALSE	TRUE
development-1567	FALSE	TRUE
development-1568	TRUE	FALSE
development-1569	FALSE	TRUE
development-1570	FALSE	TRUE
development-1571	FALSE	TRUE
development-1572	FALSE	TRUE
development-1573	FALSE	TRUE
development-1574	FALSE	TRUE
development-1575	FALSE	TRUE
development-1576	FALSE	TRUE
development-1577	FALSE	TRUE
development-1578	TRUE	FALSE
development-1579	TRUE	FALSE
development-1580	FALSE	TRUE
development-1581	FALSE	TRUE
development-1582	FALSE	TRUE
development-1583	FALSE	TRUE
development-1584	FALSE	TRUE
development-1585	TRUE	FALSE
development-1586	FALSE	TRUE
development-1587	FALSE	TRUE
development-1588	FALSE	TRUE
development-1589	FALSE	TRUE
development-1590	TRUE	FALSE
development-1591	TRUE	FALSE
development-1592	FALSE	TRUE
development-1593	TRUE	FALSE
development-1594	FALSE	TRUE
development-1595	TRUE	FALSE
development-1596	FALSE	TRUE
development-1597	FALSE	TRUE
development-1598	FALSE	TRUE
development-1599	FALSE	TRUE
development-1600	FALSE	TRUE
development-1601	FALSE	TRUE
development-1602	FALSE	TRUE
development-1603	FALSE	TRUE
development-1604	FALSE	TRUE
development-1605	FALSE	TRUE
development-1606	FALSE	TRUE
development-1607	FALSE	TRUE
development-1608	FALSE	TRUE
development-1609	FALSE	TRUE
development-1610	FALSE	TRUE
development-1611	TRUE	FALSE
development-1612	FALSE	TRUE
development-1613	TRUE	TRUE
development-1614	FALSE	TRUE
development-1615	FALSE	TRUE
development-1616	TRUE	FALSE
development-1617	TRUE	FALSE
development-1618	FALSE	TRUE
development-1619	FALSE	FALSE
development-1620	TRUE	FALSE
development-1621	TRUE	FALSE
development-1622	FALSE	TRUE
development-1623	TRUE	TRUE
development-1624	FALSE	TRUE
development-1625	FALSE	TRUE
development-1626	FALSE	TRUE
development-1627	FALSE	TRUE
development-1628	TRUE	FALSE
development-1629	TRUE	FALSE
development-1630	FALSE	TRUE
development-1631	TRUE	FALSE
development-1632	FALSE	TRUE
development-1633	FALSE	TRUE
development-1634	FALSE	TRUE
development-1635	TRUE	FALSE
development-1636	FALSE	TRUE
development-1637	FALSE	TRUE
development-1638	FALSE	TRUE
development-1639	TRUE	FALSE
development-1640	TRUE	FALSE
development-1641	FALSE	TRUE
development-1642	FALSE	TRUE
development-1643	FALSE	TRUE
development-1644	TRUE	FALSE
development-1645	TRUE	FALSE
development-1646	TRUE	FALSE
development-1647	TRUE	FALSE
development-1648	TRUE	FALSE
development-1649	TRUE	FALSE
development-1650	FALSE	TRUE
development-1651	FALSE	TRUE
development-1652	FALSE	TRUE
development-1653	FALSE	TRUE
development-1654	FALSE	TRUE
development-1655	TRUE	FALSE
development-1656	FALSE	TRUE
development-1657	FALSE	TRUE
development-1658	TRUE	FALSE
development-1659	FALSE	TRUE
development-1660	FALSE	TRUE
development-1661	FALSE	TRUE
development-1662	TRUE	FALSE
development-1663	TRUE	FALSE
development-1664	FALSE	TRUE
development-1665	FALSE	TRUE
development-1666	FALSE	FALSE
development-1667	TRUE	FALSE
development-1668	TRUE	FALSE
development-1669	FALSE	TRUE
development-1670	TRUE	FALSE
development-1671	TRUE	FALSE
development-1672	FALSE	TRUE
development-1673	TRUE	FALSE
development-1674	TRUE	FALSE
development-1675	TRUE	FALSE
development-1676	TRUE	FALSE
development-1677	FALSE	TRUE
development-1678	FALSE	TRUE
development-1679	FALSE	TRUE
development-1680	FALSE	TRUE
development-1681	FALSE	TRUE
development-1682	FALSE	TRUE
development-1683	FALSE	TRUE
development-1684	FALSE	TRUE
development-1685	TRUE	FALSE
development-1686	FALSE	TRUE
development-1687	FALSE	TRUE
development-1688	FALSE	TRUE
development-1689	FALSE	TRUE
development-1690	TRUE	FALSE
development-1691	TRUE	FALSE
development-1692	TRUE	FALSE
development-1693	TRUE	FALSE
development-1694	FALSE	TRUE
development-1695	FALSE	TRUE
development-1696	TRUE	FALSE
development-1697	FALSE	TRUE
development-1698	FALSE	TRUE
development-1699	FALSE	TRUE
development-1700	FALSE	TRUE
development-1701	FALSE	TRUE
development-1702	FALSE	TRUE
development-1703	FALSE	FALSE
development-1704	FALSE	TRUE
development-1705	TRUE	FALSE
development-1706	FALSE	TRUE
development-1707	FALSE	TRUE
development-1708	FALSE	TRUE
development-1709	FALSE	TRUE
development-1710	FALSE	TRUE
development-1711	TRUE	FALSE
development-1712	FALSE	TRUE
development-1713	TRUE	FALSE
development-1714	FALSE	TRUE
development-1715	FALSE	TRUE
development-1716	FALSE	TRUE
development-1717	FALSE	TRUE
development-1718	FALSE	TRUE
development-1719	FALSE	TRUE
development-1720	TRUE	FALSE
development-1721	FALSE	TRUE
development-1722	TRUE	FALSE
development-1723	FALSE	TRUE
development-1724	FALSE	TRUE
development-1725	FALSE	TRUE
development-1726	FALSE	TRUE
development-1727	FALSE	TRUE
development-1728	FALSE	TRUE
development-1729	FALSE	TRUE
development-1730	TRUE	FALSE
development-1731	TRUE	FALSE
development-1732	TRUE	FALSE
development-1733	FALSE	TRUE
development-1734	TRUE	FALSE
development-1735	TRUE	FALSE
development-1736	TRUE	FALSE
development-1737	FALSE	TRUE
development-1738	FALSE	FALSE
development-1739	TRUE	FALSE
development-1740	FALSE	FALSE
development-1741	TRUE	FALSE
development-1742	FALSE	TRUE
development-1743	FALSE	TRUE
development-1744	FALSE	TRUE
development-1745	FALSE	TRUE
development-1746	TRUE	FALSE
development-1747	FALSE	TRUE
development-1748	FALSE	TRUE
development-1749	FALSE	TRUE
development-1750	FALSE	TRUE
development-1751	FALSE	TRUE
development-1752	FALSE	TRUE
development-1753	FALSE	TRUE
development-1754	FALSE	TRUE
development-1755	TRUE	FALSE
development-1756	FALSE	TRUE
development-1757	TRUE	FALSE
development-1758	FALSE	TRUE
development-1759	FALSE	TRUE
development-1760	TRUE	FALSE
development-1761	FALSE	TRUE
development-1762	TRUE	FALSE
development-1763	FALSE	TRUE
development-1764	TRUE	FALSE
development-1765	FALSE	TRUE
development-1766	FALSE	TRUE
development-1767	FALSE	TRUE
development-1768	TRUE	FALSE
development-1769	TRUE	FALSE
development-1770	FALSE	FALSE
development-1771	FALSE	TRUE
development-1772	TRUE	FALSE
development-1773	FALSE	TRUE
development-1774	FALSE	FALSE
development-1775	FALSE	TRUE
development-1776	TRUE	FALSE
development-1777	FALSE	TRUE
development-1778	FALSE	TRUE
development-1779	TRUE	FALSE
development-1780	TRUE	FALSE
development-1781	TRUE	FALSE
development-1782	TRUE	FALSE
development-1783	FALSE	TRUE
development-1784	FALSE	TRUE
development-1785	FALSE	TRUE
development-1786	FALSE	FALSE
development-1787	TRUE	FALSE
development-1788	FALSE	TRUE
development-1789	FALSE	TRUE
development-1790	FALSE	TRUE
development-1791	FALSE	TRUE
development-1792	FALSE	TRUE
development-1793	TRUE	FALSE
development-1794	FALSE	TRUE
development-1795	FALSE	TRUE
development-1796	FALSE	TRUE
development-1797	TRUE	FALSE
development-1798	FALSE	TRUE
development-1799	FALSE	TRUE
development-1800	FALSE	TRUE
development-1801	FALSE	TRUE
development-1802	FALSE	TRUE
development-1803	FALSE	TRUE
development-1804	FALSE	FALSE
development-1805	TRUE	FALSE
development-1806	TRUE	FALSE
development-1807	TRUE	FALSE
development-1808	FALSE	TRUE
development-1809	FALSE	TRUE
development-1810	FALSE	TRUE
development-1811	FALSE	TRUE
development-1812	TRUE	FALSE
development-1813	FALSE	FALSE
development-1814	FALSE	FALSE
development-1815	TRUE	FALSE
development-1816	TRUE	FALSE
development-1817	FALSE	TRUE
development-1818	FALSE	TRUE
development-1819	FALSE	TRUE
development-1820	TRUE	FALSE
development-1821	FALSE	TRUE
development-1822	FALSE	TRUE
development-1823	FALSE	TRUE
development-1824	FALSE	TRUE
development-1825	TRUE	FALSE
development-1826	FALSE	TRUE
development-1827	FALSE	TRUE
development-1828	FALSE	TRUE
development-1829	FALSE	TRUE
development-1830	FALSE	TRUE
development-1831	FALSE	TRUE
development-1832	FALSE	TRUE
development-1833	TRUE	FALSE
development-1834	TRUE	FALSE
development-1835	FALSE	TRUE
development-1836	FALSE	TRUE
development-1837	FALSE	TRUE
development-1838	FALSE	TRUE
development-1839	TRUE	FALSE
development-1840	FALSE	TRUE
development-1841	FALSE	TRUE
development-1842	TRUE	FALSE
development-1843	FALSE	TRUE
development-1844	FALSE	TRUE
development-1845	FALSE	TRUE
development-1846	FALSE	TRUE
development-1847	FALSE	TRUE
development-1848	FALSE	TRUE
development-1849	FALSE	TRUE
development-1850	TRUE	FALSE
development-1851	TRUE	FALSE
development-1852	FALSE	TRUE
development-1853	FALSE	TRUE
development-1854	FALSE	TRUE
development-1855	TRUE	FALSE
development-1856	FALSE	TRUE
development-1857	FALSE	TRUE
development-1858	FALSE	TRUE
development-1859	TRUE	TRUE
development-1860	FALSE	TRUE
development-1861	FALSE	TRUE
development-1862	FALSE	FALSE
development-1863	FALSE	TRUE
development-1864	FALSE	TRUE
development-1865	FALSE	TRUE
development-1866	FALSE	TRUE
development-1867	TRUE	FALSE
development-1868	TRUE	FALSE
development-1869	TRUE	FALSE
development-1870	FALSE	TRUE
development-1871	FALSE	TRUE
development-1872	TRUE	FALSE
development-1873	FALSE	TRUE
development-1874	FALSE	FALSE
development-1875	FALSE	TRUE
development-1876	FALSE	TRUE
development-1877	FALSE	TRUE
development-1878	TRUE	FALSE
development-1879	FALSE	FALSE
development-1880	FALSE	TRUE
development-1881	TRUE	TRUE
development-1882	FALSE	TRUE
development-1883	FALSE	TRUE
development-1884	TRUE	FALSE
development-1885	TRUE	FALSE
development-1886	TRUE	FALSE
development-1887	FALSE	FALSE
development-1888	TRUE	FALSE
development-1889	TRUE	FALSE
development-1890	FALSE	TRUE
development-1891	TRUE	FALSE
development-1892	FALSE	TRUE
development-1893	FALSE	TRUE
development-1894	TRUE	FALSE
development-1895	FALSE	TRUE
development-1896	FALSE	TRUE
development-1897	FALSE	TRUE
development-1898	FALSE	TRUE
development-1899	FALSE	TRUE
development-1900	FALSE	FALSE
development-1901	FALSE	FALSE
development-1902	FALSE	FALSE
development-1903	FALSE	TRUE
development-1904	FALSE	TRUE
development-1905	FALSE	TRUE
development-1906	TRUE	FALSE
development-1907	FALSE	TRUE
development-1908	FALSE	TRUE
development-1909	FALSE	TRUE
development-1910	FALSE	TRUE
development-1911	FALSE	TRUE
development-1912	FALSE	TRUE
development-1913	TRUE	FALSE
development-1914	TRUE	FALSE
development-1915	FALSE	TRUE
development-1916	FALSE	TRUE
development-1917	TRUE	FALSE
development-1918	TRUE	FALSE
development-1919	FALSE	TRUE
development-1920	FALSE	TRUE
development-1921	FALSE	TRUE
development-1922	FALSE	TRUE
development-1923	FALSE	TRUE
development-1924	FALSE	TRUE
development-1925	FALSE	TRUE
development-1926	FALSE	TRUE
development-1927	FALSE	TRUE
development-1928	TRUE	FALSE
development-1929	FALSE	TRUE
development-1930	FALSE	TRUE
development-1931	TRUE	FALSE
development-1932	FALSE	FALSE
development-1933	FALSE	TRUE
development-1934	FALSE	TRUE
development-1935	TRUE	FALSE
development-1936	FALSE	FALSE
development-1937	FALSE	FALSE
development-1938	FALSE	TRUE
development-1939	FALSE	TRUE
development-1940	FALSE	TRUE
development-1941	FALSE	TRUE
development-1942	TRUE	FALSE
development-1943	FALSE	TRUE
development-1944	FALSE	TRUE
development-1945	TRUE	TRUE
development-1946	FALSE	TRUE
development-1947	FALSE	TRUE
development-1948	FALSE	TRUE
development-1949	FALSE	TRUE
development-1950	FALSE	TRUE
development-1951	TRUE	FALSE
development-1952	FALSE	FALSE
development-1953	TRUE	FALSE
development-1954	FALSE	TRUE
development-1955	FALSE	TRUE
development-1956	FALSE	TRUE
development-1957	FALSE	TRUE
development-1958	FALSE	TRUE
development-1959	FALSE	FALSE
development-1960	FALSE	FALSE
development-1961	FALSE	TRUE
development-1962	FALSE	TRUE
development-1963	FALSE	TRUE
development-1964	FALSE	TRUE
development-1965	FALSE	TRUE
development-1966	FALSE	TRUE
development-1967	FALSE	TRUE
development-1968	TRUE	FALSE
development-1969	TRUE	FALSE
development-1970	FALSE	TRUE
development-1971	FALSE	TRUE
development-1972	TRUE	FALSE
development-1973	FALSE	TRUE
development-1974	FALSE	TRUE
development-1975	FALSE	TRUE
development-1976	FALSE	TRUE
development-1977	FALSE	TRUE
development-1978	FALSE	TRUE
development-1979	FALSE	TRUE
development-1980	TRUE	FALSE
development-1981	TRUE	FALSE
development-1982	FALSE	TRUE
development-1983	FALSE	TRUE
development-1984	FALSE	TRUE
development-1985	FALSE	TRUE
development-1986	FALSE	TRUE
development-1987	FALSE	TRUE
development-1988	FALSE	FALSE
development-1989	FALSE	TRUE
development-1990	FALSE	TRUE
development-1991	FALSE	TRUE
development-1992	FALSE	TRUE
development-1993	FALSE	TRUE
development-1994	FALSE	TRUE
development-1995	FALSE	TRUE
development-1996	FALSE	TRUE
development-1997	FALSE	TRUE
development-1998	FALSE	TRUE
development-1999	FALSE	TRUE
development-2000	FALSE	TRUE
