test-1	TRUE	FALSE
test-2	FALSE	FALSE
test-3	FALSE	FALSE
test-4	FALSE	FALSE
test-5	TRUE	FALSE
test-6	FALSE	FALSE
test-7	TRUE	FALSE
test-8	FALSE	FALSE
test-9	FALSE	FALSE
test-10	TRUE	FALSE
test-11	FALSE	FALSE
test-12	FALSE	FALSE
test-13	TRUE	FALSE
test-14	FALSE	TRUE
test-15	TRUE	FALSE
test-16	TRUE	FALSE
test-17	FALSE	FALSE
test-18	TRUE	FALSE
test-19	FALSE	FALSE
test-20	TRUE	FALSE
test-21	FALSE	TRUE
test-22	FALSE	TRUE
test-23	TRUE	FALSE
test-24	FALSE	FALSE
test-25	FALSE	FALSE
test-26	FALSE	FALSE
test-27	FALSE	FALSE
test-28	FALSE	FALSE
test-29	FALSE	FALSE
test-30	FALSE	FALSE
test-31	FALSE	TRUE
test-32	FALSE	FALSE
test-33	FALSE	TRUE
test-34	TRUE	FALSE
test-35	FALSE	TRUE
test-36	FALSE	FALSE
test-37	FALSE	TRUE
test-38	FALSE	FALSE
test-39	FALSE	FALSE
test-40	TRUE	FALSE
test-41	FALSE	TRUE
test-42	FALSE	FALSE
test-43	FALSE	FALSE
test-44	FALSE	FALSE
test-45	FALSE	FALSE
test-46	TRUE	FALSE
test-47	FALSE	FALSE
test-48	TRUE	FALSE
test-49	FALSE	FALSE
test-50	FALSE	FALSE
test-51	FALSE	FALSE
test-52	TRUE	FALSE
test-53	TRUE	FALSE
test-54	FALSE	FALSE
test-55	TRUE	FALSE
test-56	FALSE	FALSE
test-57	FALSE	FALSE
test-58	FALSE	FALSE
test-59	FALSE	FALSE
test-60	TRUE	FALSE
test-61	TRUE	FALSE
test-62	TRUE	FALSE
test-63	FALSE	FALSE
test-64	FALSE	FALSE
test-65	TRUE	FALSE
test-66	FALSE	FALSE
test-67	FALSE	FALSE
test-68	TRUE	FALSE
test-69	TRUE	FALSE
test-70	FALSE	TRUE
test-71	FALSE	FALSE
test-72	FALSE	FALSE
test-73	TRUE	FALSE
test-74	TRUE	FALSE
test-75	FALSE	FALSE
test-76	FALSE	FALSE
test-77	TRUE	FALSE
test-78	FALSE	FALSE
test-79	FALSE	FALSE
test-80	FALSE	FALSE
test-81	TRUE	TRUE
test-82	FALSE	FALSE
test-83	FALSE	FALSE
test-84	FALSE	FALSE
test-85	FALSE	FALSE
test-86	TRUE	FALSE
test-87	FALSE	FALSE
test-88	TRUE	FALSE
test-89	FALSE	TRUE
test-90	FALSE	FALSE
test-91	TRUE	FALSE
test-92	FALSE	FALSE
test-93	FALSE	FALSE
test-94	TRUE	FALSE
test-95	TRUE	FALSE
test-96	TRUE	FALSE
test-97	FALSE	FALSE
test-98	TRUE	FALSE
test-99	FALSE	TRUE
test-100	FALSE	FALSE
test-101	FALSE	TRUE
test-102	FALSE	TRUE
test-103	FALSE	TRUE
test-104	TRUE	FALSE
test-105	FALSE	FALSE
test-106	FALSE	FALSE
test-107	FALSE	FALSE
test-108	FALSE	FALSE
test-109	FALSE	FALSE
test-110	FALSE	FALSE
test-111	FALSE	TRUE
test-112	FALSE	FALSE
test-113	TRUE	TRUE
test-114	FALSE	FALSE
test-115	FALSE	FALSE
test-116	TRUE	FALSE
test-117	FALSE	FALSE
test-118	TRUE	FALSE
test-119	FALSE	FALSE
test-120	FALSE	FALSE
test-121	FALSE	FALSE
test-122	TRUE	FALSE
test-123	FALSE	FALSE
test-124	TRUE	FALSE
test-125	FALSE	TRUE
test-126	TRUE	FALSE
test-127	FALSE	FALSE
test-128	FALSE	FALSE
test-129	FALSE	TRUE
test-130	FALSE	FALSE
test-131	FALSE	FALSE
test-132	FALSE	TRUE
test-133	FALSE	TRUE
test-134	FALSE	TRUE
test-135	FALSE	FALSE
test-136	FALSE	FALSE
test-137	TRUE	FALSE
test-138	FALSE	FALSE
test-139	FALSE	FALSE
test-140	FALSE	FALSE
test-141	FALSE	FALSE
test-142	FALSE	FALSE
test-143	TRUE	FALSE
test-144	TRUE	FALSE
test-145	FALSE	FALSE
test-146	FALSE	FALSE
test-147	FALSE	FALSE
test-148	TRUE	FALSE
test-149	TRUE	FALSE
test-150	TRUE	FALSE
test-151	TRUE	FALSE
test-152	TRUE	FALSE
test-153	FALSE	TRUE
test-154	TRUE	FALSE
test-155	FALSE	FALSE
test-156	FALSE	FALSE
test-157	FALSE	FALSE
test-158	FALSE	TRUE
test-159	FALSE	FALSE
test-160	FALSE	FALSE
test-161	FALSE	FALSE
test-162	TRUE	FALSE
test-163	TRUE	FALSE
test-164	FALSE	FALSE
test-165	FALSE	FALSE
test-166	TRUE	FALSE
test-167	FALSE	FALSE
test-168	TRUE	FALSE
test-169	FALSE	FALSE
test-170	FALSE	FALSE
test-171	FALSE	TRUE
test-172	FALSE	FALSE
test-173	TRUE	FALSE
test-174	FALSE	TRUE
test-175	FALSE	FALSE
test-176	FALSE	TRUE
test-177	TRUE	FALSE
test-178	TRUE	FALSE
test-179	TRUE	FALSE
test-180	FALSE	FALSE
test-181	FALSE	TRUE
test-182	TRUE	FALSE
test-183	FALSE	FALSE
test-184	TRUE	FALSE
test-185	FALSE	FALSE
test-186	FALSE	FALSE
test-187	FALSE	FALSE
test-188	FALSE	FALSE
test-189	FALSE	FALSE
test-190	FALSE	FALSE
test-191	FALSE	FALSE
test-192	FALSE	FALSE
test-193	FALSE	FALSE
test-194	FALSE	TRUE
test-195	TRUE	TRUE
test-196	FALSE	FALSE
test-197	FALSE	FALSE
test-198	FALSE	FALSE
test-199	FALSE	FALSE
test-200	TRUE	FALSE
test-201	FALSE	TRUE
test-202	FALSE	FALSE
test-203	FALSE	TRUE
test-204	FALSE	FALSE
test-205	TRUE	FALSE
test-206	FALSE	FALSE
test-207	TRUE	FALSE
test-208	FALSE	FALSE
test-209	FALSE	FALSE
test-210	FALSE	FALSE
test-211	FALSE	FALSE
test-212	TRUE	FALSE
test-213	TRUE	FALSE
test-214	FALSE	FALSE
test-215	TRUE	FALSE
test-216	FALSE	FALSE
test-217	FALSE	TRUE
test-218	FALSE	FALSE
test-219	FALSE	FALSE
test-220	TRUE	FALSE
test-221	FALSE	TRUE
test-222	TRUE	FALSE
test-223	TRUE	FALSE
test-224	FALSE	FALSE
test-225	FALSE	FALSE
test-226	TRUE	FALSE
test-227	FALSE	FALSE
test-228	FALSE	FALSE
test-229	FALSE	FALSE
test-230	FALSE	FALSE
test-231	FALSE	FALSE
test-232	FALSE	FALSE
test-233	TRUE	FALSE
test-234	FALSE	TRUE
test-235	FALSE	FALSE
test-236	FALSE	FALSE
test-237	FALSE	FALSE
test-238	TRUE	FALSE
test-239	FALSE	FALSE
test-240	FALSE	FALSE
test-241	TRUE	FALSE
test-242	TRUE	FALSE
test-243	TRUE	FALSE
test-244	FALSE	FALSE
test-245	FALSE	FALSE
test-246	FALSE	TRUE
test-247	FALSE	FALSE
test-248	FALSE	FALSE
test-249	TRUE	FALSE
test-250	FALSE	FALSE
test-251	FALSE	FALSE
test-252	FALSE	FALSE
test-253	TRUE	FALSE
test-254	FALSE	FALSE
test-255	FALSE	FALSE
test-256	FALSE	TRUE
test-257	FALSE	FALSE
test-258	FALSE	TRUE
test-259	FALSE	FALSE
test-260	FALSE	FALSE
test-261	FALSE	FALSE
test-262	TRUE	FALSE
test-263	FALSE	FALSE
test-264	FALSE	FALSE
test-265	FALSE	FALSE
test-266	FALSE	FALSE
test-267	FALSE	FALSE
test-268	TRUE	FALSE
test-269	FALSE	FALSE
test-270	TRUE	FALSE
test-271	FALSE	FALSE
test-272	FALSE	FALSE
test-273	TRUE	FALSE
test-274	FALSE	FALSE
test-275	FALSE	FALSE
test-276	FALSE	FALSE
test-277	FALSE	FALSE
test-278	FALSE	FALSE
test-279	TRUE	FALSE
test-280	FALSE	FALSE
test-281	FALSE	FALSE
test-282	FALSE	FALSE
test-283	FALSE	TRUE
test-284	FALSE	FALSE
test-285	TRUE	FALSE
test-286	TRUE	FALSE
test-287	TRUE	FALSE
test-288	TRUE	FALSE
test-289	FALSE	FALSE
test-290	TRUE	FALSE
test-291	FALSE	FALSE
test-292	TRUE	FALSE
test-293	FALSE	FALSE
test-294	FALSE	FALSE
test-295	FALSE	FALSE
test-296	FALSE	FALSE
test-297	FALSE	FALSE
test-298	FALSE	FALSE
test-299	FALSE	FALSE
test-300	FALSE	FALSE
test-301	FALSE	FALSE
test-302	FALSE	FALSE
test-303	TRUE	FALSE
test-304	FALSE	FALSE
test-305	FALSE	FALSE
test-306	FALSE	FALSE
test-307	FALSE	FALSE
test-308	FALSE	FALSE
test-309	FALSE	FALSE
test-310	FALSE	TRUE
test-311	FALSE	FALSE
test-312	FALSE	TRUE
test-313	FALSE	FALSE
test-314	FALSE	FALSE
test-315	TRUE	FALSE
test-316	TRUE	FALSE
test-317	FALSE	TRUE
test-318	FALSE	FALSE
test-319	FALSE	FALSE
test-320	FALSE	TRUE
test-321	FALSE	TRUE
test-322	FALSE	FALSE
test-323	FALSE	FALSE
test-324	TRUE	FALSE
test-325	FALSE	FALSE
test-326	TRUE	FALSE
test-327	FALSE	FALSE
test-328	FALSE	FALSE
test-329	FALSE	FALSE
test-330	FALSE	FALSE
test-331	FALSE	FALSE
test-332	FALSE	FALSE
test-333	FALSE	FALSE
test-334	TRUE	FALSE
test-335	FALSE	TRUE
test-336	TRUE	FALSE
test-337	TRUE	FALSE
test-338	FALSE	FALSE
test-339	FALSE	TRUE
test-340	FALSE	FALSE
test-341	FALSE	TRUE
test-342	TRUE	FALSE
test-343	FALSE	FALSE
test-344	FALSE	FALSE
test-345	TRUE	TRUE
test-346	TRUE	FALSE
test-347	TRUE	FALSE
test-348	TRUE	TRUE
test-349	TRUE	FALSE
test-350	TRUE	FALSE
test-351	FALSE	FALSE
test-352	FALSE	FALSE
test-353	FALSE	FALSE
test-354	TRUE	FALSE
test-355	FALSE	FALSE
test-356	TRUE	TRUE
test-357	FALSE	FALSE
test-358	FALSE	FALSE
test-359	FALSE	FALSE
test-360	FALSE	FALSE
test-361	FALSE	FALSE
test-362	FALSE	TRUE
test-363	TRUE	FALSE
test-364	FALSE	FALSE
test-365	FALSE	FALSE
test-366	FALSE	FALSE
test-367	FALSE	FALSE
test-368	FALSE	FALSE
test-369	TRUE	FALSE
test-370	TRUE	FALSE
test-371	FALSE	FALSE
test-372	FALSE	FALSE
test-373	TRUE	FALSE
test-374	FALSE	FALSE
test-375	TRUE	FALSE
test-376	TRUE	FALSE
test-377	FALSE	FALSE
test-378	FALSE	FALSE
test-379	FALSE	TRUE
test-380	TRUE	FALSE
test-381	TRUE	FALSE
test-382	FALSE	FALSE
test-383	FALSE	FALSE
test-384	TRUE	FALSE
test-385	TRUE	FALSE
test-386	TRUE	FALSE
test-387	TRUE	FALSE
test-388	FALSE	FALSE
test-389	TRUE	FALSE
test-390	FALSE	FALSE
test-391	FALSE	FALSE
test-392	TRUE	FALSE
test-393	FALSE	TRUE
test-394	FALSE	FALSE
test-395	TRUE	FALSE
test-396	FALSE	FALSE
test-397	FALSE	FALSE
test-398	TRUE	FALSE
test-399	TRUE	FALSE
test-400	FALSE	TRUE
test-401	FALSE	FALSE
test-402	TRUE	FALSE
test-403	TRUE	FALSE
test-404	TRUE	FALSE
test-405	FALSE	FALSE
test-406	FALSE	TRUE
test-407	FALSE	FALSE
test-408	FALSE	FALSE
test-409	TRUE	FALSE
test-410	FALSE	FALSE
test-411	FALSE	FALSE
test-412	FALSE	TRUE
test-413	FALSE	FALSE
test-414	FALSE	FALSE
test-415	TRUE	FALSE
test-416	FALSE	FALSE
test-417	FALSE	FALSE
test-418	FALSE	FALSE
test-419	FALSE	TRUE
test-420	FALSE	FALSE
test-421	FALSE	FALSE
test-422	FALSE	FALSE
test-423	FALSE	FALSE
test-424	FALSE	FALSE
test-425	FALSE	FALSE
test-426	FALSE	FALSE
test-427	FALSE	TRUE
test-428	FALSE	FALSE
test-429	FALSE	FALSE
test-430	FALSE	FALSE
test-431	FALSE	FALSE
test-432	FALSE	TRUE
test-433	TRUE	FALSE
test-434	FALSE	FALSE
test-435	FALSE	FALSE
test-436	FALSE	FALSE
test-437	FALSE	FALSE
test-438	FALSE	FALSE
test-439	FALSE	FALSE
test-440	FALSE	FALSE
test-441	FALSE	FALSE
test-442	TRUE	FALSE
test-443	FALSE	FALSE
test-444	FALSE	TRUE
test-445	FALSE	FALSE
test-446	FALSE	FALSE
test-447	FALSE	TRUE
test-448	FALSE	TRUE
test-449	TRUE	FALSE
test-450	FALSE	FALSE
test-451	TRUE	FALSE
test-452	FALSE	FALSE
test-453	FALSE	FALSE
test-454	TRUE	FALSE
test-455	FALSE	FALSE
test-456	FALSE	FALSE
test-457	FALSE	TRUE
test-458	FALSE	FALSE
test-459	FALSE	FALSE
test-460	FALSE	FALSE
test-461	TRUE	FALSE
test-462	FALSE	FALSE
test-463	TRUE	FALSE
test-464	FALSE	FALSE
test-465	FALSE	FALSE
test-466	FALSE	FALSE
test-467	TRUE	FALSE
test-468	FALSE	FALSE
test-469	TRUE	FALSE
test-470	TRUE	FALSE
test-471	FALSE	FALSE
test-472	TRUE	FALSE
test-473	TRUE	FALSE
test-474	FALSE	FALSE
test-475	TRUE	FALSE
test-476	FALSE	FALSE
test-477	TRUE	FALSE
test-478	TRUE	FALSE
test-479	FALSE	FALSE
test-480	FALSE	FALSE
test-481	FALSE	FALSE
test-482	FALSE	FALSE
test-483	TRUE	FALSE
test-484	FALSE	FALSE
test-485	TRUE	FALSE
test-486	FALSE	FALSE
test-487	FALSE	TRUE
test-488	TRUE	FALSE
test-489	TRUE	FALSE
test-490	FALSE	FALSE
test-491	FALSE	FALSE
test-492	FALSE	TRUE
test-493	FALSE	TRUE
test-494	FALSE	FALSE
test-495	FALSE	FALSE
test-496	FALSE	FALSE
test-497	FALSE	FALSE
test-498	FALSE	TRUE
test-499	FALSE	FALSE
test-500	FALSE	TRUE
test-501	TRUE	FALSE
test-502	FALSE	TRUE
test-503	TRUE	FALSE
test-504	TRUE	FALSE
test-505	TRUE	FALSE
test-506	FALSE	FALSE
test-507	TRUE	FALSE
test-508	FALSE	FALSE
test-509	FALSE	FALSE
test-510	FALSE	FALSE
test-511	FALSE	FALSE
test-512	FALSE	FALSE
test-513	FALSE	FALSE
test-514	FALSE	FALSE
test-515	FALSE	TRUE
test-516	FALSE	FALSE
test-517	FALSE	TRUE
test-518	FALSE	FALSE
test-519	FALSE	FALSE
test-520	FALSE	FALSE
test-521	FALSE	FALSE
test-522	TRUE	FALSE
test-523	TRUE	FALSE
test-524	FALSE	FALSE
test-525	FALSE	FALSE
test-526	TRUE	FALSE
test-527	FALSE	FALSE
test-528	FALSE	FALSE
test-529	FALSE	FALSE
test-530	FALSE	FALSE
test-531	FALSE	FALSE
test-532	FALSE	FALSE
test-533	FALSE	FALSE
test-534	FALSE	TRUE
test-535	FALSE	FALSE
test-536	TRUE	FALSE
test-537	FALSE	FALSE
test-538	FALSE	FALSE
test-539	TRUE	FALSE
test-540	FALSE	FALSE
test-541	FALSE	FALSE
test-542	FALSE	TRUE
test-543	FALSE	FALSE
test-544	FALSE	FALSE
test-545	TRUE	FALSE
test-546	FALSE	FALSE
test-547	FALSE	FALSE
test-548	FALSE	FALSE
test-549	TRUE	FALSE
test-550	FALSE	FALSE
test-551	FALSE	FALSE
test-552	FALSE	FALSE
test-553	FALSE	FALSE
test-554	FALSE	FALSE
test-555	TRUE	FALSE
test-556	FALSE	TRUE
test-557	FALSE	FALSE
test-558	FALSE	TRUE
test-559	FALSE	FALSE
test-560	FALSE	FALSE
test-561	TRUE	FALSE
test-562	TRUE	FALSE
test-563	FALSE	FALSE
test-564	FALSE	TRUE
test-565	FALSE	FALSE
test-566	TRUE	FALSE
test-567	FALSE	TRUE
test-568	TRUE	FALSE
test-569	FALSE	FALSE
test-570	FALSE	FALSE
test-571	FALSE	FALSE
test-572	TRUE	FALSE
test-573	TRUE	TRUE
test-574	FALSE	FALSE
test-575	FALSE	TRUE
test-576	FALSE	FALSE
test-577	TRUE	FALSE
test-578	TRUE	FALSE
test-579	FALSE	FALSE
test-580	FALSE	FALSE
test-581	FALSE	FALSE
test-582	TRUE	FALSE
test-583	FALSE	FALSE
test-584	TRUE	FALSE
test-585	FALSE	FALSE
test-586	FALSE	TRUE
test-587	FALSE	FALSE
test-588	FALSE	FALSE
test-589	FALSE	FALSE
test-590	TRUE	FALSE
test-591	FALSE	FALSE
test-592	FALSE	TRUE
test-593	FALSE	FALSE
test-594	FALSE	FALSE
test-595	FALSE	FALSE
test-596	FALSE	FALSE
test-597	FALSE	TRUE
test-598	FALSE	FALSE
test-599	FALSE	FALSE
test-600	TRUE	FALSE
test-601	TRUE	FALSE
test-602	TRUE	FALSE
test-603	FALSE	FALSE
test-604	FALSE	FALSE
test-605	FALSE	FALSE
test-606	FALSE	TRUE
test-607	FALSE	TRUE
test-608	FALSE	FALSE
test-609	FALSE	FALSE
test-610	FALSE	FALSE
test-611	FALSE	TRUE
test-612	FALSE	FALSE
test-613	FALSE	FALSE
test-614	FALSE	TRUE
test-615	TRUE	FALSE
test-616	FALSE	FALSE
test-617	TRUE	FALSE
test-618	TRUE	FALSE
test-619	FALSE	FALSE
test-620	TRUE	FALSE
test-621	FALSE	FALSE
test-622	FALSE	FALSE
test-623	FALSE	FALSE
test-624	FALSE	FALSE
test-625	FALSE	FALSE
test-626	TRUE	FALSE
test-627	TRUE	FALSE
test-628	FALSE	TRUE
test-629	TRUE	FALSE
test-630	FALSE	FALSE
test-631	FALSE	FALSE
test-632	FALSE	TRUE
test-633	TRUE	FALSE
test-634	FALSE	FALSE
test-635	FALSE	FALSE
test-636	FALSE	FALSE
test-637	FALSE	FALSE
test-638	FALSE	FALSE
test-639	FALSE	FALSE
test-640	TRUE	FALSE
test-641	FALSE	TRUE
test-642	FALSE	TRUE
test-643	FALSE	TRUE
test-644	FALSE	FALSE
test-645	TRUE	FALSE
test-646	FALSE	FALSE
test-647	TRUE	FALSE
test-648	FALSE	FALSE
test-649	TRUE	FALSE
test-650	FALSE	FALSE
test-651	FALSE	FALSE
test-652	FALSE	TRUE
test-653	FALSE	FALSE
test-654	FALSE	TRUE
test-655	FALSE	FALSE
test-656	FALSE	TRUE
test-657	FALSE	FALSE
test-658	TRUE	FALSE
test-659	FALSE	FALSE
test-660	TRUE	FALSE
test-661	TRUE	FALSE
test-662	FALSE	FALSE
test-663	FALSE	TRUE
test-664	TRUE	FALSE
test-665	TRUE	FALSE
test-666	TRUE	FALSE
test-667	FALSE	TRUE
test-668	FALSE	FALSE
test-669	FALSE	FALSE
test-670	FALSE	FALSE
test-671	FALSE	FALSE
test-672	FALSE	FALSE
test-673	FALSE	FALSE
test-674	FALSE	FALSE
test-675	FALSE	TRUE
test-676	FALSE	FALSE
test-677	FALSE	FALSE
test-678	FALSE	FALSE
test-679	TRUE	FALSE
test-680	FALSE	FALSE
test-681	FALSE	TRUE
test-682	TRUE	FALSE
test-683	FALSE	FALSE
test-684	FALSE	FALSE
test-685	FALSE	FALSE
test-686	FALSE	TRUE
test-687	FALSE	TRUE
test-688	TRUE	FALSE
test-689	FALSE	FALSE
test-690	FALSE	FALSE
test-691	FALSE	FALSE
test-692	TRUE	FALSE
test-693	FALSE	FALSE
test-694	FALSE	FALSE
test-695	FALSE	FALSE
test-696	FALSE	FALSE
test-697	FALSE	FALSE
test-698	FALSE	FALSE
test-699	TRUE	FALSE
test-700	FALSE	FALSE
test-701	TRUE	FALSE
test-702	FALSE	FALSE
test-703	TRUE	FALSE
test-704	FALSE	FALSE
test-705	FALSE	FALSE
test-706	TRUE	FALSE
test-707	TRUE	FALSE
test-708	TRUE	FALSE
test-709	FALSE	FALSE
test-710	FALSE	FALSE
test-711	FALSE	FALSE
test-712	TRUE	FALSE
test-713	TRUE	FALSE
test-714	FALSE	TRUE
test-715	TRUE	FALSE
test-716	FALSE	FALSE
test-717	FALSE	FALSE
test-718	FALSE	FALSE
test-719	TRUE	FALSE
test-720	TRUE	FALSE
test-721	FALSE	FALSE
test-722	FALSE	FALSE
test-723	TRUE	FALSE
test-724	FALSE	FALSE
test-725	FALSE	FALSE
test-726	TRUE	FALSE
test-727	FALSE	FALSE
test-728	FALSE	FALSE
test-729	FALSE	FALSE
test-730	FALSE	FALSE
test-731	FALSE	FALSE
test-732	FALSE	TRUE
test-733	FALSE	FALSE
test-734	FALSE	FALSE
test-735	TRUE	FALSE
test-736	TRUE	FALSE
test-737	TRUE	FALSE
test-738	FALSE	FALSE
test-739	FALSE	FALSE
test-740	FALSE	FALSE
test-741	FALSE	FALSE
test-742	FALSE	FALSE
test-743	FALSE	FALSE
test-744	TRUE	FALSE
test-745	FALSE	TRUE
test-746	FALSE	TRUE
test-747	FALSE	FALSE
test-748	FALSE	TRUE
test-749	TRUE	FALSE
test-750	FALSE	FALSE
test-751	FALSE	FALSE
test-752	TRUE	FALSE
test-753	FALSE	FALSE
test-754	FALSE	FALSE
test-755	TRUE	FALSE
test-756	FALSE	FALSE
test-757	FALSE	FALSE
test-758	FALSE	TRUE
test-759	FALSE	FALSE
test-760	TRUE	FALSE
test-761	FALSE	FALSE
test-762	TRUE	FALSE
test-763	TRUE	FALSE
test-764	FALSE	FALSE
test-765	FALSE	FALSE
test-766	FALSE	FALSE
test-767	FALSE	FALSE
test-768	TRUE	FALSE
test-769	FALSE	FALSE
test-770	TRUE	FALSE
test-771	TRUE	FALSE
test-772	FALSE	TRUE
test-773	FALSE	FALSE
test-774	FALSE	TRUE
test-775	FALSE	FALSE
test-776	FALSE	FALSE
test-777	TRUE	FALSE
test-778	TRUE	FALSE
test-779	TRUE	FALSE
test-780	FALSE	FALSE
test-781	FALSE	FALSE
test-782	TRUE	FALSE
test-783	FALSE	FALSE
test-784	FALSE	FALSE
test-785	FALSE	FALSE
test-786	TRUE	FALSE
test-787	FALSE	FALSE
test-788	FALSE	FALSE
test-789	FALSE	FALSE
test-790	FALSE	FALSE
test-791	FALSE	FALSE
test-792	TRUE	FALSE
test-793	FALSE	FALSE
test-794	FALSE	FALSE
test-795	FALSE	FALSE
test-796	TRUE	FALSE
test-797	FALSE	FALSE
test-798	FALSE	FALSE
test-799	FALSE	FALSE
test-800	FALSE	FALSE
test-801	FALSE	FALSE
test-802	FALSE	FALSE
test-803	TRUE	FALSE
test-804	TRUE	FALSE
test-805	FALSE	FALSE
test-806	FALSE	FALSE
test-807	FALSE	FALSE
test-808	FALSE	FALSE
test-809	FALSE	FALSE
test-810	TRUE	TRUE
test-811	FALSE	TRUE
test-812	FALSE	FALSE
test-813	TRUE	FALSE
test-814	FALSE	TRUE
test-815	TRUE	FALSE
test-816	FALSE	FALSE
test-817	TRUE	FALSE
test-818	TRUE	FALSE
test-819	FALSE	TRUE
test-820	FALSE	FALSE
test-821	FALSE	FALSE
test-822	TRUE	FALSE
test-823	FALSE	FALSE
test-824	TRUE	FALSE
test-825	FALSE	FALSE
test-826	FALSE	FALSE
test-827	FALSE	FALSE
test-828	TRUE	FALSE
test-829	TRUE	FALSE
test-830	FALSE	FALSE
test-831	FALSE	FALSE
test-832	TRUE	FALSE
test-833	FALSE	FALSE
test-834	FALSE	FALSE
test-835	FALSE	FALSE
test-836	TRUE	FALSE
test-837	FALSE	FALSE
test-838	FALSE	TRUE
test-839	FALSE	FALSE
test-840	TRUE	FALSE
test-841	TRUE	TRUE
test-842	FALSE	TRUE
test-843	TRUE	FALSE
test-844	FALSE	FALSE
test-845	FALSE	FALSE
test-846	FALSE	FALSE
test-847	FALSE	FALSE
test-848	FALSE	FALSE
test-849	FALSE	FALSE
test-850	FALSE	FALSE
test-851	FALSE	TRUE
test-852	TRUE	FALSE
test-853	TRUE	FALSE
test-854	FALSE	FALSE
test-855	FALSE	FALSE
test-856	TRUE	FALSE
test-857	TRUE	FALSE
test-858	FALSE	FALSE
test-859	FALSE	FALSE
test-860	FALSE	FALSE
test-861	FALSE	FALSE
test-862	FALSE	FALSE
test-863	FALSE	FALSE
test-864	TRUE	FALSE
test-865	FALSE	FALSE
test-866	FALSE	TRUE
test-867	FALSE	FALSE
test-868	FALSE	FALSE
test-869	FALSE	FALSE
test-870	FALSE	FALSE
test-871	FALSE	FALSE
test-872	FALSE	FALSE
test-873	FALSE	FALSE
test-874	FALSE	FALSE
test-875	TRUE	FALSE
test-876	FALSE	TRUE
test-877	FALSE	FALSE
test-878	FALSE	FALSE
test-879	TRUE	FALSE
test-880	TRUE	FALSE
test-881	FALSE	FALSE
test-882	FALSE	FALSE
test-883	FALSE	TRUE
test-884	FALSE	TRUE
test-885	FALSE	FALSE
test-886	FALSE	FALSE
test-887	TRUE	FALSE
test-888	FALSE	FALSE
test-889	FALSE	FALSE
test-890	FALSE	FALSE
test-891	FALSE	FALSE
test-892	FALSE	TRUE
test-893	FALSE	FALSE
test-894	FALSE	FALSE
test-895	FALSE	FALSE
test-896	FALSE	FALSE
test-897	TRUE	FALSE
test-898	FALSE	FALSE
test-899	FALSE	FALSE
test-900	TRUE	FALSE
test-901	FALSE	FALSE
test-902	FALSE	FALSE
test-903	TRUE	FALSE
test-904	FALSE	FALSE
test-905	FALSE	FALSE
test-906	TRUE	FALSE
test-907	FALSE	FALSE
test-908	FALSE	FALSE
test-909	FALSE	FALSE
test-910	TRUE	FALSE
test-911	FALSE	FALSE
test-912	FALSE	FALSE
test-913	FALSE	FALSE
test-914	FALSE	FALSE
test-915	FALSE	FALSE
test-916	TRUE	FALSE
test-917	FALSE	FALSE
test-918	FALSE	FALSE
test-919	FALSE	FALSE
test-920	FALSE	TRUE
test-921	FALSE	TRUE
test-922	FALSE	FALSE
test-923	FALSE	FALSE
test-924	FALSE	FALSE
test-925	TRUE	FALSE
test-926	FALSE	FALSE
test-927	FALSE	FALSE
test-928	FALSE	FALSE
test-929	FALSE	FALSE
test-930	FALSE	FALSE
test-931	TRUE	FALSE
test-932	FALSE	FALSE
test-933	FALSE	TRUE
test-934	FALSE	FALSE
test-935	FALSE	FALSE
test-936	FALSE	FALSE
test-937	TRUE	FALSE
test-938	FALSE	FALSE
test-939	FALSE	FALSE
test-940	TRUE	FALSE
test-941	FALSE	FALSE
test-942	FALSE	FALSE
test-943	FALSE	TRUE
test-944	TRUE	FALSE
test-945	FALSE	FALSE
test-946	FALSE	TRUE
test-947	TRUE	FALSE
test-948	FALSE	FALSE
test-949	TRUE	FALSE
test-950	FALSE	FALSE
test-951	FALSE	FALSE
test-952	FALSE	FALSE
test-953	FALSE	TRUE
test-954	TRUE	FALSE
test-955	FALSE	FALSE
test-956	FALSE	TRUE
test-957	FALSE	FALSE
test-958	TRUE	FALSE
test-959	TRUE	FALSE
test-960	FALSE	TRUE
test-961	FALSE	FALSE
test-962	FALSE	FALSE
test-963	TRUE	FALSE
test-964	FALSE	FALSE
test-965	FALSE	FALSE
test-966	TRUE	FALSE
test-967	FALSE	FALSE
test-968	TRUE	FALSE
test-969	TRUE	FALSE
test-970	TRUE	FALSE
test-971	TRUE	TRUE
test-972	TRUE	TRUE
test-973	TRUE	FALSE
test-974	FALSE	FALSE
test-975	FALSE	FALSE
test-976	TRUE	FALSE
test-977	FALSE	FALSE
test-978	FALSE	FALSE
test-979	FALSE	TRUE
test-980	FALSE	FALSE
test-981	FALSE	FALSE
test-982	TRUE	FALSE
test-983	FALSE	FALSE
test-984	FALSE	FALSE
test-985	TRUE	FALSE
test-986	FALSE	FALSE
test-987	FALSE	FALSE
test-988	FALSE	FALSE
test-989	FALSE	FALSE
test-990	FALSE	FALSE
test-991	FALSE	FALSE
test-992	TRUE	FALSE
test-993	FALSE	FALSE
test-994	FALSE	FALSE
test-995	TRUE	FALSE
test-996	TRUE	FALSE
test-997	FALSE	FALSE
test-998	FALSE	FALSE
test-999	FALSE	FALSE
test-1000	FALSE	FALSE
test-1001	FALSE	FALSE
test-1002	FALSE	FALSE
test-1003	TRUE	FALSE
test-1004	FALSE	FALSE
test-1005	TRUE	FALSE
test-1006	TRUE	FALSE
test-1007	FALSE	FALSE
test-1008	FALSE	FALSE
test-1009	FALSE	TRUE
test-1010	FALSE	FALSE
test-1011	FALSE	FALSE
test-1012	TRUE	FALSE
test-1013	FALSE	FALSE
test-1014	FALSE	FALSE
test-1015	FALSE	FALSE
test-1016	FALSE	FALSE
test-1017	FALSE	FALSE
test-1018	FALSE	FALSE
test-1019	TRUE	FALSE
test-1020	FALSE	FALSE
test-1021	TRUE	FALSE
test-1022	FALSE	FALSE
test-1023	TRUE	FALSE
test-1024	FALSE	FALSE
test-1025	TRUE	FALSE
test-1026	FALSE	FALSE
test-1027	FALSE	FALSE
test-1028	FALSE	FALSE
test-1029	TRUE	FALSE
test-1030	TRUE	FALSE
test-1031	FALSE	FALSE
test-1032	TRUE	FALSE
test-1033	TRUE	FALSE
test-1034	TRUE	FALSE
test-1035	FALSE	FALSE
test-1036	FALSE	FALSE
test-1037	TRUE	FALSE
test-1038	FALSE	FALSE
test-1039	TRUE	FALSE
test-1040	FALSE	FALSE
test-1041	FALSE	FALSE
test-1042	FALSE	FALSE
test-1043	FALSE	FALSE
test-1044	FALSE	FALSE
test-1045	FALSE	FALSE
test-1046	FALSE	FALSE
test-1047	FALSE	FALSE
test-1048	FALSE	TRUE
test-1049	FALSE	FALSE
test-1050	FALSE	FALSE
test-1051	TRUE	FALSE
test-1052	TRUE	FALSE
test-1053	FALSE	FALSE
test-1054	FALSE	FALSE
test-1055	FALSE	FALSE
test-1056	FALSE	FALSE
test-1057	FALSE	TRUE
test-1058	TRUE	FALSE
test-1059	TRUE	FALSE
test-1060	TRUE	FALSE
test-1061	TRUE	FALSE
test-1062	TRUE	FALSE
test-1063	FALSE	FALSE
test-1064	TRUE	FALSE
test-1065	TRUE	FALSE
test-1066	TRUE	FALSE
test-1067	FALSE	FALSE
test-1068	FALSE	TRUE
test-1069	FALSE	TRUE
test-1070	FALSE	FALSE
test-1071	FALSE	FALSE
test-1072	TRUE	FALSE
test-1073	TRUE	FALSE
test-1074	FALSE	TRUE
test-1075	TRUE	FALSE
test-1076	FALSE	FALSE
test-1077	TRUE	FALSE
test-1078	FALSE	TRUE
test-1079	FALSE	FALSE
test-1080	FALSE	TRUE
test-1081	FALSE	FALSE
test-1082	FALSE	FALSE
test-1083	FALSE	FALSE
test-1084	FALSE	FALSE
test-1085	FALSE	FALSE
test-1086	TRUE	FALSE
test-1087	FALSE	FALSE
test-1088	TRUE	FALSE
test-1089	FALSE	FALSE
test-1090	TRUE	FALSE
test-1091	TRUE	FALSE
test-1092	FALSE	FALSE
test-1093	FALSE	TRUE
test-1094	FALSE	TRUE
test-1095	FALSE	FALSE
test-1096	FALSE	FALSE
test-1097	TRUE	FALSE
test-1098	FALSE	TRUE
test-1099	TRUE	FALSE
test-1100	FALSE	FALSE
test-1101	FALSE	FALSE
test-1102	TRUE	FALSE
test-1103	FALSE	TRUE
test-1104	FALSE	TRUE
test-1105	FALSE	FALSE
test-1106	FALSE	TRUE
test-1107	FALSE	FALSE
test-1108	FALSE	TRUE
test-1109	FALSE	FALSE
test-1110	FALSE	FALSE
test-1111	FALSE	FALSE
test-1112	TRUE	FALSE
test-1113	TRUE	FALSE
test-1114	TRUE	FALSE
test-1115	TRUE	FALSE
test-1116	FALSE	FALSE
test-1117	TRUE	FALSE
test-1118	FALSE	FALSE
test-1119	TRUE	FALSE
test-1120	FALSE	FALSE
test-1121	TRUE	FALSE
test-1122	FALSE	TRUE
test-1123	TRUE	FALSE
test-1124	FALSE	FALSE
test-1125	FALSE	FALSE
test-1126	FALSE	TRUE
test-1127	FALSE	TRUE
test-1128	FALSE	TRUE
test-1129	FALSE	FALSE
test-1130	TRUE	FALSE
test-1131	FALSE	FALSE
test-1132	TRUE	FALSE
test-1133	FALSE	FALSE
test-1134	FALSE	FALSE
test-1135	FALSE	FALSE
test-1136	FALSE	FALSE
test-1137	TRUE	FALSE
test-1138	FALSE	FALSE
test-1139	FALSE	FALSE
test-1140	FALSE	FALSE
test-1141	FALSE	FALSE
test-1142	FALSE	FALSE
test-1143	FALSE	FALSE
test-1144	FALSE	FALSE
test-1145	FALSE	FALSE
test-1146	FALSE	FALSE
test-1147	FALSE	FALSE
test-1148	TRUE	FALSE
test-1149	FALSE	FALSE
test-1150	TRUE	FALSE
test-1151	FALSE	FALSE
test-1152	TRUE	FALSE
test-1153	TRUE	FALSE
test-1154	FALSE	FALSE
test-1155	FALSE	FALSE
test-1156	TRUE	FALSE
test-1157	FALSE	FALSE
test-1158	FALSE	FALSE
test-1159	FALSE	TRUE
test-1160	TRUE	FALSE
test-1161	FALSE	FALSE
test-1162	TRUE	FALSE
test-1163	FALSE	FALSE
test-1164	TRUE	FALSE
test-1165	TRUE	FALSE
test-1166	FALSE	FALSE
test-1167	TRUE	FALSE
test-1168	FALSE	FALSE
test-1169	TRUE	FALSE
test-1170	FALSE	FALSE
test-1171	FALSE	TRUE
test-1172	FALSE	FALSE
test-1173	TRUE	FALSE
test-1174	TRUE	FALSE
test-1175	TRUE	FALSE
test-1176	FALSE	FALSE
test-1177	FALSE	FALSE
test-1178	FALSE	FALSE
test-1179	TRUE	FALSE
test-1180	TRUE	FALSE
test-1181	FALSE	FALSE
test-1182	TRUE	FALSE
test-1183	TRUE	FALSE
test-1184	TRUE	FALSE
test-1185	FALSE	FALSE
test-1186	FALSE	FALSE
test-1187	FALSE	FALSE
test-1188	FALSE	FALSE
test-1189	FALSE	TRUE
test-1190	TRUE	FALSE
test-1191	FALSE	FALSE
test-1192	FALSE	FALSE
test-1193	FALSE	FALSE
test-1194	FALSE	FALSE
test-1195	FALSE	FALSE
test-1196	TRUE	FALSE
test-1197	FALSE	TRUE
test-1198	FALSE	FALSE
test-1199	TRUE	FALSE
test-1200	TRUE	FALSE
test-1201	FALSE	FALSE
test-1202	FALSE	FALSE
test-1203	FALSE	FALSE
test-1204	TRUE	FALSE
test-1205	FALSE	FALSE
test-1206	FALSE	FALSE
test-1207	FALSE	FALSE
test-1208	FALSE	FALSE
test-1209	TRUE	FALSE
test-1210	FALSE	FALSE
test-1211	FALSE	FALSE
test-1212	FALSE	FALSE
test-1213	TRUE	FALSE
test-1214	TRUE	FALSE
test-1215	FALSE	FALSE
test-1216	FALSE	TRUE
test-1217	FALSE	TRUE
test-1218	FALSE	FALSE
test-1219	FALSE	FALSE
test-1220	TRUE	FALSE
test-1221	FALSE	TRUE
test-1222	TRUE	FALSE
test-1223	FALSE	FALSE
test-1224	TRUE	FALSE
test-1225	FALSE	TRUE
test-1226	TRUE	FALSE
test-1227	TRUE	FALSE
test-1228	TRUE	FALSE
test-1229	TRUE	TRUE
test-1230	TRUE	FALSE
test-1231	FALSE	TRUE
test-1232	FALSE	FALSE
test-1233	TRUE	FALSE
test-1234	TRUE	FALSE
test-1235	FALSE	FALSE
test-1236	FALSE	FALSE
test-1237	FALSE	FALSE
test-1238	TRUE	FALSE
test-1239	FALSE	FALSE
test-1240	TRUE	FALSE
test-1241	FALSE	TRUE
test-1242	FALSE	FALSE
test-1243	FALSE	FALSE
test-1244	TRUE	FALSE
test-1245	FALSE	FALSE
test-1246	FALSE	FALSE
test-1247	FALSE	FALSE
test-1248	FALSE	TRUE
test-1249	FALSE	FALSE
test-1250	FALSE	FALSE
test-1251	FALSE	FALSE
test-1252	FALSE	FALSE
test-1253	FALSE	FALSE
test-1254	FALSE	FALSE
test-1255	FALSE	FALSE
test-1256	FALSE	TRUE
test-1257	FALSE	FALSE
test-1258	TRUE	FALSE
test-1259	FALSE	FALSE
test-1260	FALSE	FALSE
test-1261	TRUE	FALSE
test-1262	TRUE	FALSE
test-1263	FALSE	FALSE
test-1264	TRUE	FALSE
test-1265	FALSE	FALSE
test-1266	TRUE	FALSE
test-1267	FALSE	FALSE
test-1268	FALSE	FALSE
test-1269	FALSE	FALSE
test-1270	TRUE	FALSE
test-1271	FALSE	FALSE
test-1272	FALSE	FALSE
test-1273	FALSE	FALSE
test-1274	FALSE	FALSE
test-1275	FALSE	TRUE
test-1276	TRUE	FALSE
test-1277	TRUE	FALSE
test-1278	TRUE	FALSE
test-1279	FALSE	FALSE
test-1280	FALSE	FALSE
test-1281	FALSE	FALSE
test-1282	FALSE	FALSE
test-1283	FALSE	TRUE
test-1284	FALSE	TRUE
test-1285	FALSE	FALSE
test-1286	TRUE	FALSE
test-1287	FALSE	FALSE
test-1288	FALSE	TRUE
test-1289	FALSE	TRUE
test-1290	FALSE	FALSE
test-1291	FALSE	FALSE
test-1292	FALSE	TRUE
test-1293	FALSE	TRUE
test-1294	FALSE	FALSE
test-1295	FALSE	FALSE
test-1296	FALSE	FALSE
test-1297	FALSE	FALSE
test-1298	FALSE	FALSE
test-1299	TRUE	FALSE
test-1300	FALSE	FALSE
test-1301	FALSE	FALSE
test-1302	TRUE	FALSE
test-1303	FALSE	FALSE
test-1304	FALSE	TRUE
test-1305	FALSE	TRUE
test-1306	TRUE	FALSE
test-1307	TRUE	FALSE
test-1308	TRUE	FALSE
test-1309	FALSE	TRUE
test-1310	FALSE	FALSE
test-1311	FALSE	FALSE
test-1312	FALSE	FALSE
test-1313	FALSE	FALSE
test-1314	FALSE	TRUE
test-1315	FALSE	FALSE
test-1316	FALSE	TRUE
test-1317	FALSE	TRUE
test-1318	TRUE	FALSE
test-1319	FALSE	FALSE
test-1320	FALSE	FALSE
test-1321	FALSE	FALSE
test-1322	FALSE	FALSE
test-1323	FALSE	FALSE
test-1324	FALSE	TRUE
test-1325	TRUE	FALSE
test-1326	FALSE	FALSE
test-1327	FALSE	FALSE
test-1328	TRUE	FALSE
test-1329	TRUE	FALSE
test-1330	FALSE	FALSE
test-1331	TRUE	FALSE
test-1332	FALSE	FALSE
test-1333	FALSE	FALSE
test-1334	FALSE	FALSE
test-1335	FALSE	FALSE
test-1336	TRUE	FALSE
test-1337	TRUE	FALSE
test-1338	FALSE	FALSE
test-1339	FALSE	FALSE
test-1340	FALSE	FALSE
test-1341	FALSE	FALSE
test-1342	TRUE	FALSE
test-1343	FALSE	FALSE
test-1344	FALSE	TRUE
test-1345	FALSE	FALSE
test-1346	FALSE	FALSE
test-1347	FALSE	FALSE
test-1348	FALSE	FALSE
test-1349	FALSE	FALSE
test-1350	FALSE	FALSE
test-1351	FALSE	FALSE
test-1352	FALSE	FALSE
test-1353	FALSE	FALSE
test-1354	FALSE	FALSE
test-1355	FALSE	FALSE
test-1356	TRUE	FALSE
test-1357	FALSE	FALSE
test-1358	TRUE	FALSE
test-1359	FALSE	FALSE
test-1360	FALSE	TRUE
test-1361	FALSE	FALSE
test-1362	FALSE	FALSE
test-1363	TRUE	FALSE
test-1364	FALSE	FALSE
test-1365	TRUE	FALSE
test-1366	FALSE	FALSE
test-1367	FALSE	FALSE
test-1368	FALSE	FALSE
test-1369	TRUE	FALSE
test-1370	TRUE	FALSE
test-1371	FALSE	FALSE
test-1372	TRUE	FALSE
test-1373	FALSE	TRUE
test-1374	FALSE	FALSE
test-1375	FALSE	FALSE
test-1376	FALSE	FALSE
test-1377	FALSE	TRUE
test-1378	FALSE	FALSE
test-1379	FALSE	FALSE
test-1380	FALSE	FALSE
test-1381	FALSE	FALSE
test-1382	FALSE	FALSE
test-1383	FALSE	FALSE
test-1384	FALSE	FALSE
test-1385	FALSE	FALSE
test-1386	FALSE	FALSE
test-1387	TRUE	FALSE
test-1388	TRUE	TRUE
test-1389	FALSE	FALSE
test-1390	FALSE	FALSE
test-1391	TRUE	FALSE
test-1392	FALSE	FALSE
test-1393	FALSE	FALSE
test-1394	FALSE	FALSE
test-1395	TRUE	FALSE
test-1396	TRUE	FALSE
test-1397	FALSE	FALSE
test-1398	FALSE	FALSE
test-1399	FALSE	FALSE
test-1400	FALSE	FALSE
test-1401	FALSE	FALSE
test-1402	FALSE	FALSE
test-1403	FALSE	FALSE
test-1404	FALSE	TRUE
test-1405	FALSE	FALSE
test-1406	FALSE	TRUE
test-1407	FALSE	FALSE
test-1408	TRUE	FALSE
test-1409	TRUE	FALSE
test-1410	FALSE	FALSE
test-1411	FALSE	FALSE
test-1412	FALSE	FALSE
test-1413	FALSE	FALSE
test-1414	FALSE	TRUE
test-1415	FALSE	FALSE
test-1416	TRUE	FALSE
test-1417	TRUE	FALSE
test-1418	FALSE	FALSE
test-1419	FALSE	FALSE
test-1420	FALSE	TRUE
test-1421	TRUE	FALSE
test-1422	FALSE	TRUE
test-1423	FALSE	TRUE
test-1424	FALSE	FALSE
test-1425	FALSE	FALSE
test-1426	FALSE	FALSE
test-1427	FALSE	FALSE
test-1428	FALSE	TRUE
test-1429	FALSE	TRUE
test-1430	FALSE	FALSE
test-1431	TRUE	TRUE
test-1432	TRUE	FALSE
test-1433	TRUE	FALSE
test-1434	TRUE	FALSE
test-1435	TRUE	FALSE
test-1436	FALSE	FALSE
test-1437	FALSE	FALSE
test-1438	FALSE	FALSE
test-1439	FALSE	FALSE
test-1440	FALSE	FALSE
test-1441	FALSE	FALSE
test-1442	TRUE	FALSE
test-1443	FALSE	FALSE
test-1444	FALSE	TRUE
test-1445	FALSE	FALSE
test-1446	FALSE	TRUE
test-1447	FALSE	FALSE
test-1448	FALSE	FALSE
test-1449	FALSE	FALSE
test-1450	FALSE	FALSE
test-1451	TRUE	TRUE
test-1452	FALSE	FALSE
test-1453	FALSE	TRUE
test-1454	FALSE	FALSE
test-1455	TRUE	FALSE
test-1456	FALSE	FALSE
test-1457	FALSE	FALSE
test-1458	FALSE	TRUE
test-1459	FALSE	FALSE
test-1460	FALSE	FALSE
test-1461	FALSE	FALSE
test-1462	FALSE	FALSE
test-1463	FALSE	FALSE
test-1464	FALSE	FALSE
test-1465	FALSE	FALSE
test-1466	FALSE	FALSE
test-1467	FALSE	FALSE
test-1468	FALSE	TRUE
test-1469	FALSE	TRUE
test-1470	FALSE	FALSE
test-1471	FALSE	FALSE
test-1472	FALSE	TRUE
test-1473	TRUE	FALSE
test-1474	TRUE	FALSE
test-1475	TRUE	FALSE
test-1476	FALSE	FALSE
test-1477	FALSE	TRUE
test-1478	TRUE	FALSE
test-1479	TRUE	FALSE
test-1480	TRUE	FALSE
test-1481	TRUE	TRUE
test-1482	FALSE	FALSE
test-1483	FALSE	FALSE
test-1484	FALSE	FALSE
test-1485	FALSE	FALSE
test-1486	FALSE	TRUE
test-1487	FALSE	FALSE
test-1488	FALSE	FALSE
test-1489	TRUE	FALSE
test-1490	FALSE	FALSE
test-1491	FALSE	FALSE
test-1492	FALSE	TRUE
test-1493	TRUE	FALSE
test-1494	FALSE	FALSE
test-1495	FALSE	TRUE
test-1496	FALSE	FALSE
test-1497	FALSE	FALSE
test-1498	FALSE	FALSE
test-1499	FALSE	FALSE
test-1500	FALSE	FALSE
test-1501	FALSE	FALSE
test-1502	FALSE	FALSE
test-1503	FALSE	TRUE
test-1504	FALSE	TRUE
test-1505	FALSE	FALSE
test-1506	FALSE	FALSE
test-1507	TRUE	FALSE
test-1508	TRUE	FALSE
test-1509	TRUE	FALSE
test-1510	FALSE	FALSE
test-1511	FALSE	FALSE
test-1512	FALSE	FALSE
test-1513	TRUE	FALSE
test-1514	TRUE	FALSE
test-1515	FALSE	TRUE
test-1516	FALSE	FALSE
test-1517	TRUE	FALSE
test-1518	TRUE	FALSE
test-1519	FALSE	FALSE
test-1520	TRUE	FALSE
test-1521	FALSE	FALSE
test-1522	FALSE	FALSE
test-1523	FALSE	FALSE
test-1524	TRUE	FALSE
test-1525	FALSE	FALSE
test-1526	FALSE	FALSE
test-1527	FALSE	FALSE
test-1528	FALSE	FALSE
test-1529	TRUE	FALSE
test-1530	FALSE	FALSE
test-1531	FALSE	FALSE
test-1532	FALSE	FALSE
test-1533	FALSE	FALSE
test-1534	TRUE	FALSE
test-1535	FALSE	FALSE
test-1536	FALSE	FALSE
test-1537	FALSE	TRUE
test-1538	TRUE	FALSE
test-1539	FALSE	FALSE
test-1540	FALSE	TRUE
test-1541	TRUE	FALSE
test-1542	FALSE	FALSE
test-1543	FALSE	FALSE
test-1544	FALSE	FALSE
test-1545	FALSE	TRUE
test-1546	FALSE	FALSE
test-1547	TRUE	FALSE
test-1548	FALSE	FALSE
test-1549	FALSE	FALSE
test-1550	FALSE	FALSE
test-1551	FALSE	FALSE
test-1552	TRUE	FALSE
test-1553	TRUE	FALSE
test-1554	FALSE	FALSE
test-1555	TRUE	FALSE
test-1556	FALSE	FALSE
test-1557	FALSE	FALSE
test-1558	FALSE	FALSE
test-1559	FALSE	FALSE
test-1560	TRUE	FALSE
test-1561	FALSE	TRUE
test-1562	FALSE	FALSE
test-1563	TRUE	FALSE
test-1564	FALSE	FALSE
test-1565	FALSE	FALSE
test-1566	FALSE	FALSE
test-1567	FALSE	FALSE
test-1568	FALSE	FALSE
test-1569	FALSE	FALSE
test-1570	FALSE	FALSE
test-1571	FALSE	FALSE
test-1572	TRUE	FALSE
test-1573	FALSE	TRUE
test-1574	FALSE	FALSE
test-1575	FALSE	FALSE
test-1576	FALSE	FALSE
test-1577	FALSE	FALSE
test-1578	TRUE	FALSE
test-1579	FALSE	FALSE
test-1580	TRUE	FALSE
test-1581	FALSE	FALSE
test-1582	TRUE	FALSE
test-1583	FALSE	FALSE
test-1584	FALSE	FALSE
test-1585	FALSE	FALSE
test-1586	FALSE	FALSE
test-1587	FALSE	FALSE
test-1588	FALSE	FALSE
test-1589	FALSE	FALSE
test-1590	FALSE	TRUE
test-1591	FALSE	FALSE
test-1592	TRUE	FALSE
test-1593	TRUE	FALSE
test-1594	FALSE	FALSE
test-1595	FALSE	FALSE
test-1596	FALSE	FALSE
test-1597	FALSE	FALSE
test-1598	TRUE	FALSE
test-1599	TRUE	FALSE
test-1600	FALSE	TRUE
test-1601	FALSE	FALSE
test-1602	TRUE	FALSE
test-1603	FALSE	FALSE
test-1604	TRUE	FALSE
test-1605	FALSE	FALSE
test-1606	FALSE	FALSE
test-1607	FALSE	FALSE
test-1608	FALSE	FALSE
test-1609	FALSE	FALSE
test-1610	TRUE	FALSE
test-1611	FALSE	FALSE
test-1612	TRUE	FALSE
test-1613	FALSE	FALSE
test-1614	TRUE	FALSE
test-1615	FALSE	FALSE
test-1616	FALSE	FALSE
test-1617	TRUE	FALSE
test-1618	FALSE	TRUE
test-1619	FALSE	FALSE
test-1620	FALSE	FALSE
test-1621	FALSE	FALSE
test-1622	TRUE	FALSE
test-1623	FALSE	FALSE
test-1624	TRUE	FALSE
test-1625	TRUE	FALSE
test-1626	TRUE	FALSE
test-1627	FALSE	FALSE
test-1628	TRUE	FALSE
test-1629	FALSE	FALSE
test-1630	FALSE	FALSE
test-1631	FALSE	FALSE
test-1632	TRUE	FALSE
test-1633	FALSE	FALSE
test-1634	TRUE	FALSE
test-1635	FALSE	FALSE
test-1636	FALSE	FALSE
test-1637	FALSE	FALSE
test-1638	TRUE	FALSE
test-1639	FALSE	FALSE
test-1640	FALSE	FALSE
test-1641	FALSE	FALSE
test-1642	TRUE	TRUE
test-1643	TRUE	FALSE
test-1644	TRUE	TRUE
test-1645	FALSE	FALSE
test-1646	FALSE	FALSE
test-1647	FALSE	FALSE
test-1648	FALSE	FALSE
test-1649	FALSE	TRUE
test-1650	TRUE	FALSE
test-1651	FALSE	TRUE
test-1652	TRUE	FALSE
test-1653	FALSE	FALSE
test-1654	FALSE	FALSE
test-1655	TRUE	FALSE
test-1656	FALSE	FALSE
test-1657	FALSE	FALSE
test-1658	FALSE	FALSE
test-1659	TRUE	FALSE
test-1660	TRUE	FALSE
test-1661	FALSE	FALSE
test-1662	TRUE	FALSE
test-1663	FALSE	FALSE
test-1664	FALSE	FALSE
test-1665	TRUE	FALSE
test-1666	FALSE	TRUE
test-1667	TRUE	FALSE
test-1668	FALSE	FALSE
test-1669	TRUE	FALSE
test-1670	FALSE	TRUE
test-1671	TRUE	FALSE
test-1672	TRUE	FALSE
test-1673	FALSE	FALSE
test-1674	FALSE	FALSE
test-1675	FALSE	TRUE
test-1676	FALSE	FALSE
test-1677	FALSE	TRUE
test-1678	FALSE	FALSE
test-1679	FALSE	FALSE
test-1680	FALSE	FALSE
test-1681	FALSE	TRUE
test-1682	FALSE	FALSE
test-1683	TRUE	FALSE
test-1684	TRUE	FALSE
test-1685	FALSE	FALSE
test-1686	FALSE	FALSE
test-1687	FALSE	FALSE
test-1688	FALSE	FALSE
test-1689	FALSE	FALSE
test-1690	FALSE	FALSE
test-1691	FALSE	TRUE
test-1692	TRUE	FALSE
test-1693	FALSE	FALSE
test-1694	TRUE	FALSE
test-1695	FALSE	FALSE
test-1696	TRUE	FALSE
test-1697	FALSE	FALSE
test-1698	FALSE	FALSE
test-1699	TRUE	FALSE
test-1700	FALSE	FALSE
test-1701	TRUE	FALSE
test-1702	FALSE	TRUE
test-1703	FALSE	FALSE
test-1704	FALSE	FALSE
test-1705	FALSE	FALSE
test-1706	TRUE	FALSE
test-1707	FALSE	FALSE
test-1708	FALSE	FALSE
test-1709	FALSE	FALSE
test-1710	FALSE	FALSE
test-1711	FALSE	FALSE
test-1712	FALSE	FALSE
test-1713	TRUE	FALSE
test-1714	FALSE	FALSE
test-1715	FALSE	FALSE
test-1716	FALSE	FALSE
test-1717	FALSE	FALSE
test-1718	TRUE	FALSE
test-1719	FALSE	FALSE
test-1720	FALSE	FALSE
test-1721	FALSE	FALSE
test-1722	FALSE	TRUE
test-1723	FALSE	FALSE
test-1724	TRUE	FALSE
test-1725	FALSE	TRUE
test-1726	FALSE	TRUE
test-1727	TRUE	FALSE
test-1728	FALSE	TRUE
test-1729	TRUE	FALSE
test-1730	TRUE	FALSE
test-1731	FALSE	FALSE
test-1732	FALSE	TRUE
test-1733	FALSE	FALSE
test-1734	FALSE	FALSE
test-1735	FALSE	FALSE
test-1736	FALSE	FALSE
test-1737	FALSE	FALSE
test-1738	FALSE	FALSE
test-1739	TRUE	FALSE
test-1740	FALSE	FALSE
test-1741	TRUE	FALSE
test-1742	TRUE	FALSE
test-1743	FALSE	FALSE
test-1744	FALSE	FALSE
test-1745	FALSE	FALSE
test-1746	TRUE	FALSE
test-1747	FALSE	FALSE
test-1748	FALSE	FALSE
test-1749	FALSE	FALSE
test-1750	FALSE	FALSE
test-1751	FALSE	FALSE
test-1752	FALSE	FALSE
test-1753	TRUE	FALSE
test-1754	FALSE	FALSE
test-1755	FALSE	FALSE
test-1756	TRUE	FALSE
test-1757	FALSE	FALSE
test-1758	TRUE	FALSE
test-1759	FALSE	FALSE
test-1760	FALSE	TRUE
test-1761	TRUE	FALSE
test-1762	FALSE	TRUE
test-1763	FALSE	FALSE
test-1764	FALSE	FALSE
test-1765	FALSE	FALSE
test-1766	FALSE	FALSE
test-1767	FALSE	FALSE
test-1768	FALSE	FALSE
test-1769	FALSE	FALSE
test-1770	FALSE	FALSE
test-1771	FALSE	FALSE
test-1772	FALSE	FALSE
test-1773	FALSE	TRUE
test-1774	TRUE	FALSE
test-1775	FALSE	FALSE
test-1776	FALSE	FALSE
test-1777	TRUE	FALSE
test-1778	FALSE	FALSE
test-1779	FALSE	FALSE
test-1780	FALSE	TRUE
test-1781	FALSE	FALSE
test-1782	FALSE	TRUE
test-1783	TRUE	FALSE
test-1784	TRUE	FALSE
test-1785	FALSE	FALSE
test-1786	TRUE	FALSE
test-1787	TRUE	FALSE
test-1788	FALSE	FALSE
test-1789	FALSE	FALSE
test-1790	FALSE	FALSE
test-1791	FALSE	TRUE
test-1792	FALSE	FALSE
test-1793	FALSE	FALSE
test-1794	FALSE	TRUE
test-1795	FALSE	FALSE
test-1796	FALSE	FALSE
test-1797	FALSE	TRUE
test-1798	FALSE	FALSE
test-1799	TRUE	FALSE
test-1800	FALSE	FALSE
test-1801	FALSE	FALSE
test-1802	FALSE	FALSE
test-1803	FALSE	FALSE
test-1804	TRUE	FALSE
test-1805	TRUE	FALSE
test-1806	TRUE	FALSE
test-1807	TRUE	FALSE
test-1808	FALSE	FALSE
test-1809	TRUE	FALSE
test-1810	FALSE	FALSE
test-1811	FALSE	FALSE
test-1812	FALSE	FALSE
test-1813	TRUE	FALSE
test-1814	FALSE	FALSE
test-1815	TRUE	FALSE
test-1816	FALSE	FALSE
test-1817	FALSE	TRUE
test-1818	FALSE	FALSE
test-1819	FALSE	FALSE
test-1820	FALSE	FALSE
test-1821	FALSE	FALSE
test-1822	FALSE	FALSE
test-1823	FALSE	FALSE
test-1824	FALSE	FALSE
test-1825	TRUE	FALSE
test-1826	TRUE	FALSE
test-1827	FALSE	FALSE
test-1828	FALSE	TRUE
test-1829	FALSE	TRUE
test-1830	FALSE	FALSE
test-1831	TRUE	FALSE
test-1832	FALSE	TRUE
test-1833	TRUE	FALSE
test-1834	FALSE	FALSE
test-1835	FALSE	FALSE
test-1836	FALSE	FALSE
test-1837	FALSE	FALSE
test-1838	TRUE	FALSE
test-1839	FALSE	FALSE
test-1840	FALSE	FALSE
test-1841	FALSE	FALSE
test-1842	TRUE	FALSE
test-1843	FALSE	FALSE
test-1844	FALSE	TRUE
test-1845	FALSE	FALSE
test-1846	FALSE	FALSE
test-1847	FALSE	FALSE
test-1848	FALSE	FALSE
test-1849	FALSE	FALSE
test-1850	TRUE	FALSE
test-1851	FALSE	FALSE
test-1852	FALSE	TRUE
test-1853	TRUE	FALSE
test-1854	TRUE	FALSE
test-1855	TRUE	FALSE
test-1856	FALSE	FALSE
test-1857	FALSE	FALSE
test-1858	FALSE	FALSE
test-1859	TRUE	FALSE
test-1860	TRUE	FALSE
test-1861	TRUE	FALSE
test-1862	FALSE	FALSE
test-1863	FALSE	FALSE
test-1864	FALSE	TRUE
test-1865	FALSE	TRUE
test-1866	FALSE	TRUE
test-1867	FALSE	FALSE
test-1868	FALSE	FALSE
test-1869	FALSE	TRUE
test-1870	FALSE	TRUE
test-1871	TRUE	FALSE
test-1872	FALSE	FALSE
test-1873	FALSE	FALSE
test-1874	TRUE	FALSE
test-1875	FALSE	FALSE
test-1876	FALSE	FALSE
test-1877	FALSE	FALSE
test-1878	FALSE	FALSE
test-1879	TRUE	FALSE
test-1880	FALSE	TRUE
test-1881	FALSE	FALSE
test-1882	FALSE	TRUE
test-1883	TRUE	FALSE
test-1884	FALSE	FALSE
test-1885	TRUE	FALSE
test-1886	FALSE	FALSE
test-1887	FALSE	FALSE
test-1888	TRUE	FALSE
test-1889	FALSE	FALSE
test-1890	TRUE	FALSE
test-1891	FALSE	FALSE
test-1892	TRUE	FALSE
test-1893	TRUE	FALSE
test-1894	TRUE	FALSE
test-1895	TRUE	FALSE
test-1896	TRUE	FALSE
test-1897	FALSE	TRUE
test-1898	FALSE	TRUE
test-1899	TRUE	FALSE
test-1900	FALSE	FALSE
test-1901	FALSE	FALSE
test-1902	FALSE	FALSE
test-1903	FALSE	FALSE
test-1904	FALSE	TRUE
test-1905	FALSE	FALSE
test-1906	FALSE	FALSE
test-1907	TRUE	FALSE
test-1908	FALSE	FALSE
test-1909	FALSE	FALSE
test-1910	TRUE	FALSE
test-1911	FALSE	FALSE
test-1912	TRUE	FALSE
test-1913	TRUE	FALSE
test-1914	FALSE	FALSE
test-1915	TRUE	FALSE
test-1916	FALSE	TRUE
test-1917	TRUE	FALSE
test-1918	FALSE	FALSE
test-1919	FALSE	FALSE
test-1920	TRUE	FALSE
test-1921	FALSE	FALSE
test-1922	FALSE	FALSE
test-1923	FALSE	FALSE
test-1924	FALSE	TRUE
test-1925	FALSE	FALSE
test-1926	FALSE	FALSE
test-1927	FALSE	FALSE
test-1928	TRUE	FALSE
test-1929	TRUE	FALSE
test-1930	FALSE	FALSE
test-1931	FALSE	FALSE
test-1932	FALSE	FALSE
test-1933	FALSE	FALSE
test-1934	FALSE	FALSE
test-1935	TRUE	FALSE
test-1936	FALSE	FALSE
test-1937	TRUE	FALSE
test-1938	FALSE	FALSE
test-1939	TRUE	FALSE
test-1940	TRUE	FALSE
test-1941	FALSE	FALSE
test-1942	TRUE	FALSE
test-1943	FALSE	FALSE
test-1944	FALSE	FALSE
test-1945	FALSE	TRUE
test-1946	FALSE	FALSE
test-1947	FALSE	FALSE
test-1948	FALSE	FALSE
test-1949	FALSE	FALSE
test-1950	FALSE	TRUE
test-1951	FALSE	FALSE
test-1952	FALSE	FALSE
test-1953	TRUE	FALSE
test-1954	FALSE	FALSE
test-1955	FALSE	FALSE
test-1956	FALSE	FALSE
test-1957	FALSE	FALSE
test-1958	FALSE	FALSE
test-1959	FALSE	FALSE
test-1960	FALSE	FALSE
test-1961	FALSE	FALSE
test-1962	FALSE	FALSE
test-1963	FALSE	FALSE
test-1964	FALSE	FALSE
test-1965	TRUE	FALSE
test-1966	FALSE	TRUE
test-1967	FALSE	TRUE
test-1968	FALSE	TRUE
test-1969	FALSE	FALSE
test-1970	FALSE	FALSE
test-1971	FALSE	FALSE
test-1972	FALSE	FALSE
test-1973	FALSE	FALSE
test-1974	FALSE	FALSE
test-1975	FALSE	FALSE
test-1976	FALSE	FALSE
test-1977	TRUE	FALSE
test-1978	TRUE	FALSE
test-1979	TRUE	FALSE
test-1980	TRUE	FALSE
test-1981	FALSE	TRUE
test-1982	TRUE	FALSE
test-1983	FALSE	FALSE
test-1984	FALSE	TRUE
test-1985	FALSE	FALSE
test-1986	FALSE	FALSE
test-1987	FALSE	FALSE
test-1988	FALSE	FALSE
test-1989	FALSE	TRUE
test-1990	FALSE	FALSE
test-1991	FALSE	FALSE
test-1992	FALSE	FALSE
test-1993	FALSE	FALSE
test-1994	TRUE	FALSE
test-1995	FALSE	FALSE
test-1996	TRUE	FALSE
test-1997	FALSE	FALSE
test-1998	FALSE	FALSE
test-1999	TRUE	FALSE
test-2000	FALSE	FALSE
